,KEY,lot_item_code,lot_cost,lot_date,lot_count,lot_po,lot_count
111111|43225,111111|RB20180505|4,111111,4,2018-05-05,22,RB20180505,22
111111|43199,111111|299092|4.99,111111,4.99,2018-04-09,3,299092,3
111111|43363,111111|324804|5,111111,5,2018-09-20,111,324804,111
111111|43339,111111|321426|10,111111,10,2018-08-27,4,321426,4
111111|43412,111111|333177|10,111111,10,2018-11-08,4,333177,4
111111|43425,111111|335664|10,111111,10,2018-11-21,4,335664,4
BA1001|43190,BA1001|292589B|0,BA1001,0,2018-03-31,3,292589B,3
BA1001|43365,BA1001|325137|3.5,BA1001,3.5,2018-09-22,2,325137,2
BA1001|43339,BA1001|321426|5,BA1001,5,2018-08-27,2,321426,2
BA1002|43190,BA1002|292589B|0,BA1002,0,2018-03-31,2,292589B,2
BA1002|43431,BA1002|337864-B|1.56,BA1002,1.56,2018-11-27,1,337864-B,1
BA1002|43454,BA1002|342752|1.76,BA1002,1.76,2018-12-20,1,342752,1
BA1002|43427,BA1002|336482|2.22,BA1002,2.22,2018-11-23,1,336482,1
BA1002|43428,BA1002|336677|2.22,BA1002,2.22,2018-11-24,1,336677,1
BA1002|43432,BA1002|338009|2.22,BA1002,2.22,2018-11-28,1,338009,1
BA1002|43460,BA1002|343387|2.22,BA1002,2.22,2018-12-26,1,343387,1
BA1002|43526,BA1002|354319|2.22,BA1002,2.22,2019-03-02,3,354319,3
BA1002|43365,BA1002|325137|3.5,BA1002,3.5,2018-09-22,2,325137,2
BA1002|43339,BA1002|321426|5,BA1002,5,2018-08-27,2,321426,2
BA1003|43365,BA1003|325137|3.5,BA1003,3.5,2018-09-22,2,325137,2
BA1004|43190,BA1004|292589B|0,BA1004,0,2018-03-31,2,292589B,2
BA1004|43190,BA1004|292571|0,BA1004,0,2018-03-31,1,292571,1
BA1004|43365,BA1004|325137|3.5,BA1004,3.5,2018-09-22,3,325137,3
BA1004|43339,BA1004|321426|5,BA1004,5,2018-08-27,2,321426,2
BA1004|43454,BA1004|342750|5,BA1004,5,2018-12-20,2,342750,2
BA1006|43190,BA1006|292589B|0,BA1006,0,2018-03-31,1,292589B,1
BA1006|43365,BA1006|325137|3.5,BA1006,3.5,2018-09-22,2,325137,2
BA1006|43339,BA1006|321426|5,BA1006,5,2018-08-27,1,321426,1
BA1007|43365,BA1007|325137|3.5,BA1007,3.5,2018-09-22,2,325137,2
BA1007|43343,BA1007|322048|5,BA1007,5,2018-08-31,4,322048,4
BA1007|43363,BA1007|324804|5,BA1007,5,2018-09-20,1,324804,1
BG-RL|43343,BG-RL|322045|11.25,BG-RL,11.25,2018-08-31,2,322045,2
BG-RL|43343,BG-RL|322050|11.25,BG-RL,11.25,2018-08-31,2,322050,2
BH1000|43146,BH1000|282441|8,BH1000,8,2018-02-15,10,282441,10
BH1000|43268,BH1000|310060-B|8,BH1000,8,2018-06-17,20,310060-B,20
BH1000|43272,BH1000|310818-B|8,BH1000,8,2018-06-21,10,310818-B,10
BH1000|43115,BH1000|276456|11.99,BH1000,11.99,2018-01-15,1,276456,1
BHM1000S|43522,BHM1000S|352283|17.5,BHM1000S,17.5,2019-02-26,1,352283,1
BR1025-M|43365,BR1025-M|325137|7,BR1025-M,7,2018-09-22,2,325137,2
BR1025-M|43430,BR1025-M|337104|7,BR1025-M,7,2018-11-26,4,337104,4
BR1025-M|43339,BR1025-M|321426|10,BR1025-M,10,2018-08-27,5,321426,5
BR1025-M|43363,BR1025-M|324804|10,BR1025-M,10,2018-09-20,1,324804,1
BR1025-M|43446,BR1025-M|341236|10,BR1025-M,10,2018-12-12,2,341236,2
BR1025-M|43220,BR1025-M|LI20180430|14,BR1025-M,14,2018-04-30,1,LI20180430,1
BR1025-M|43115,BR1025-M|276456|16.49,BR1025-M,16.49,2018-01-15,2,276456,2
BR1025-M|43148,BR1025-M|282954|16.49,BR1025-M,16.49,2018-02-17,3,282954,3
BR1025-M|43150,BR1025-M|283256|16.49,BR1025-M,16.49,2018-02-19,4,283256,4
BR1025-M|43160,BR1025-M|285687-C|16.49,BR1025-M,16.49,2018-03-01,3,285687-C,3
BR1025-M|43163,BR1025-M|286266-C|16.49,BR1025-M,16.49,2018-03-04,5,286266-C,5
BR1025-M|43178,BR1025-M|289713|16.49,BR1025-M,16.49,2018-03-19,1,289713,1
BR1025-M|43182,BR1025-M|290600-C|16.49,BR1025-M,16.49,2018-03-23,2,290600-C,2
BR1025-M|43187,BR1025-M|291930|16.49,BR1025-M,16.49,2018-03-28,1,291930,1
BR1025-M|43190,BR1025-M|292582|16.49,BR1025-M,16.49,2018-03-31,1,292582,1
BR1025-S|43229,BR1025-S|301648|5.5,BR1025-S,5.5,2018-05-09,10,301648,10
BR1025-S|43230,BR1025-S|301887|5.5,BR1025-S,5.5,2018-05-10,10,301887,10
BR1025-S|43238,BR1025-S|SW20180518|10,BR1025-S,10,2018-05-18,1,SW20180518,1
BR1025-S|43339,BR1025-S|321426|10,BR1025-S,10,2018-08-27,2,321426,2
BR1025-S|43115,BR1025-S|276456|16.49,BR1025-S,16.49,2018-01-15,2,276456,2
BR1025-S|43148,BR1025-S|282954|16.49,BR1025-S,16.49,2018-02-17,3,282954,3
BR1025-S|43150,BR1025-S|283256|16.49,BR1025-S,16.49,2018-02-19,4,283256,4
BR1025-S|43160,BR1025-S|285687-C|16.49,BR1025-S,16.49,2018-03-01,3,285687-C,3
BR1025-S|43163,BR1025-S|286266-C|16.49,BR1025-S,16.49,2018-03-04,5,286266-C,5
BR1025-S|43178,BR1025-S|289713|16.49,BR1025-S,16.49,2018-03-19,1,289713,1
BR1025-S|43182,BR1025-S|290600-B|16.49,BR1025-S,16.49,2018-03-23,3,290600-B,3
BR1025-S|43190,BR1025-S|292582|16.49,BR1025-S,16.49,2018-03-31,1,292582,1
BR1026-M|43365,BR1026-M|325137|7,BR1026-M,7,2018-09-22,2,325137,2
BR1026-M|43430,BR1026-M|337104|7,BR1026-M,7,2018-11-26,2,337104,2
BR1026-M|43339,BR1026-M|321426|10,BR1026-M,10,2018-08-27,2,321426,2
BR1026-M|43444,BR1026-M|340712|10,BR1026-M,10,2018-12-10,3,340712,3
BR1026-M|43446,BR1026-M|341236|10,BR1026-M,10,2018-12-12,1,341236,1
BR1026-M|43454,BR1026-M|342750|10,BR1026-M,10,2018-12-20,1,342750,1
BR1026-M|43160,BR1026-M|285687-C|11,BR1026-M,11,2018-03-01,2,285687-C,2
BR1026-M|43160,BR1026-M|285687-C|11,BR1026-M,11,2018-03-01,6,285687-C,6
BR1026-M|43163,BR1026-M|286266-C|11,BR1026-M,11,2018-03-04,6,286266-C,6
BR1026-M|43178,BR1026-M|289713|11,BR1026-M,11,2018-03-19,1,289713,1
BR1026-M|43182,BR1026-M|290600-C|11,BR1026-M,11,2018-03-23,2,290600-C,2
BR1026-M|43220,BR1026-M|LI20180430|14,BR1026-M,14,2018-04-30,1,LI20180430,1
BR1026-M|43115,BR1026-M|276456|16.49,BR1026-M,16.49,2018-01-15,2,276456,2
BR1026-S|43242,BR1026-S|304948|5.5,BR1026-S,5.5,2018-05-22,12,304948,12
BR1026-S|43242,BR1026-S|304949|5.5,BR1026-S,5.5,2018-05-22,4,304949,4
BR1026-S|43242,BR1026-S|304949|5.5,BR1026-S,5.5,2018-05-22,1,304949,1
BR1026-S|43365,BR1026-S|325137|7,BR1026-S,7,2018-09-22,2,325137,2
BR1026-S|43430,BR1026-S|337104|7,BR1026-S,7,2018-11-26,5,337104,5
BR1026-S|43444,BR1026-S|340712|10,BR1026-S,10,2018-12-10,3,340712,3
BR1026-S|43446,BR1026-S|341236|10,BR1026-S,10,2018-12-12,2,341236,2
BR1026-S|43454,BR1026-S|342750|10,BR1026-S,10,2018-12-20,1,342750,1
BR1026-S|43115,BR1026-S|276456|16.49,BR1026-S,16.49,2018-01-15,2,276456,2
BR1026-S|43148,BR1026-S|282954|16.49,BR1026-S,16.49,2018-02-17,4,282954,4
BR1026-S|43150,BR1026-S|283256|16.49,BR1026-S,16.49,2018-02-19,3,283256,3
BR1026-S|43160,BR1026-S|285687-C|16.49,BR1026-S,16.49,2018-03-01,3,285687-C,3
BR1026-S|43163,BR1026-S|286266-C|16.49,BR1026-S,16.49,2018-03-04,5,286266-C,5
BR1026-S|43178,BR1026-S|289713|16.49,BR1026-S,16.49,2018-03-19,1,289713,1
BR1026-S|43182,BR1026-S|290600-B|16.49,BR1026-S,16.49,2018-03-23,2,290600-B,2
BR1063-M|43430,BR1063-M|337104-B|2.33,BR1063-M,2.33,2018-11-26,10,337104-B,10
BR1063-M|43430,BR1063-M|337141|3.33,BR1063-M,3.33,2018-11-26,5,337141,5
BR1063-M|43430,BR1063-M|337150|3.33,BR1063-M,3.33,2018-11-26,5,337150,5
BR1063-M|43365,BR1063-M|325137|7,BR1063-M,7,2018-09-22,2,325137,2
BR1063-M|43339,BR1063-M|321426|10,BR1063-M,10,2018-08-27,5,321426,5
BR1063-M|43363,BR1063-M|324804|10,BR1063-M,10,2018-09-20,1,324804,1
BR1063-M|43220,BR1063-M|LI20180430|14,BR1063-M,14,2018-04-30,1,LI20180430,1
BR1063-M|43115,BR1063-M|276456|16.49,BR1063-M,16.49,2018-01-15,5,276456,5
BR1063-M|43160,BR1063-M|285687-C|16.49,BR1063-M,16.49,2018-03-01,3,285687-C,3
BR1063-M|43163,BR1063-M|286266-C|16.49,BR1063-M,16.49,2018-03-04,5,286266-C,5
BR1063-M|43178,BR1063-M|289713|16.49,BR1063-M,16.49,2018-03-19,1,289713,1
BR1063-M|43182,BR1063-M|290600-C|16.49,BR1063-M,16.49,2018-03-23,2,290600-C,2
BR1063-M|43190,BR1063-M|292582|16.49,BR1063-M,16.49,2018-03-31,1,292582,1
BR1063-S|43225,BR1063-S|RB20180505|7.63,BR1063-S,7.63,2018-05-05,1,RB20180505,1
BR1063-S|43238,BR1063-S|SW20180518|10,BR1063-S,10,2018-05-18,1,SW20180518,1
BR1063-S|43160,BR1063-S|285687-C|16.49,BR1063-S,16.49,2018-03-01,4,285687-C,4
BR1063-S|43163,BR1063-S|286266-C|16.49,BR1063-S,16.49,2018-03-04,5,286266-C,5
BR1063-S|43182,BR1063-S|290600-B|16.49,BR1063-S,16.49,2018-03-23,2,290600-B,2
BR1063-S|43187,BR1063-S|291930|16.49,BR1063-S,16.49,2018-03-28,1,291930,1
BR1063-S|43190,BR1063-S|292582|16.49,BR1063-S,16.49,2018-03-31,1,292582,1
BR1064|43225,BR1064|MC20180505|4.47,BR1064,4.47,2018-05-05,1,MC20180505,1
BR1064|43101,BR1064|273824|7.5,BR1064,7.5,2018-01-01,6,273824,6
BR1066|43101,BR1066|273824|7.5,BR1066,7.5,2018-01-01,6,273824,6
BR1076|43460,BR1076|343538-Day7|3.5,BR1076,3.5,2018-12-26,5,343538-Day7,5
BR1076|43430,BR1076|337104|5,BR1076,5,2018-11-26,2,337104,2
BR1076|43431,BR1076|337864-B|5,BR1076,5,2018-11-27,2,337864-B,2
BR1076|43412,BR1076|333177|6.67,BR1076,6.67,2018-11-08,3,333177,3
BR1076|43422,BR1076|334881|6.67,BR1076,6.67,2018-11-18,3,334881,3
BR1076|43423,BR1076|335295|6.67,BR1076,6.67,2018-11-19,2,335295,2
BR1076|43427,BR1076|336482|6.67,BR1076,6.67,2018-11-23,1,336482,1
BR1076|43429,BR1076|336811|6.67,BR1076,6.67,2018-11-25,1,336811,1
BR1076|43431,BR1076|337786|6.67,BR1076,6.67,2018-11-27,1,337786,1
BR1076|43163,BR1076|286266-C|6.75,BR1076,6.75,2018-03-04,10,286266-C,10
BR1076|43178,BR1076|289713|6.75,BR1076,6.75,2018-03-19,1,289713,1
BR1076|43182,BR1076|290600-C|6.75,BR1076,6.75,2018-03-23,1,290600-C,1
BR1076|43233,BR1076|302625|6.75,BR1076,6.75,2018-05-13,10,302625,10
BR1080|43190,BR1080|292589B|0,BR1080,0,2018-03-31,3,292589B,3
BR1080|43431,BR1080|337884|0,BR1080,0,2018-11-27,1,337884,1
BR1080|43451,BR1080|342400|0,BR1080,0,2018-12-17,1,342400,1
BR1080|43460,BR1080|343387|6.67,BR1080,6.67,2018-12-26,1,343387,1
BR1080|43430,BR1080|337104|7,BR1080,7,2018-11-26,1,337104,1
BR1080|43431,BR1080|337864-B|7,BR1080,7,2018-11-27,2,337864-B,2
BR1080|43425,BR1080|335666|10,BR1080,10,2018-11-21,7,335666,7
BR1080|43425,BR1080|335664|10,BR1080,10,2018-11-21,5,335664,5
BR1080|43425,BR1080|335662|10,BR1080,10,2018-11-21,2,335662,2
BR1080|43427,BR1080|336482|10,BR1080,10,2018-11-23,2,336482,2
BR1080|43428,BR1080|336677|10,BR1080,10,2018-11-24,2,336677,2
BR1080|43429,BR1080|336811|10,BR1080,10,2018-11-25,1,336811,1
BR1080|43431,BR1080|337786|10,BR1080,10,2018-11-27,2,337786,2
BR1080|43432,BR1080|338009|10,BR1080,10,2018-11-28,2,338009,2
BR1083|43454,BR1083|342752|3.17,BR1083,3.17,2018-12-20,1,342752,1
BR1083|43430,BR1083|337104|4,BR1083,4,2018-11-26,4,337104,4
BR1083|43431,BR1083|337864-B|4,BR1083,4,2018-11-27,2,337864-B,2
BR1083|43430,BR1083|337063|5.71,BR1083,5.71,2018-11-26,3,337063,3
BR1083|43430,BR1083|337150|5.71,BR1083,5.71,2018-11-26,2,337150,2
BR1083|43431,BR1083|337786|5.71,BR1083,5.71,2018-11-27,1,337786,1
BR1083|43432,BR1083|338009|5.71,BR1083,5.71,2018-11-28,3,338009,3
BR1083|43365,BR1083|325137|7,BR1083,7,2018-09-22,2,325137,2
BR1083|43339,BR1083|321426|10,BR1083,10,2018-08-27,1,321426,1
BR1083|43240,BR1083|304479|18.84,BR1083,18.84,2018-05-20,2,304479,2
BR1088|43430,BR1088|337104|5,BR1088,5,2018-11-26,2,337104,2
BR1088|43431,BR1088|337864-B|5,BR1088,5,2018-11-27,2,337864-B,2
BR1088|43412,BR1088|333177|6.67,BR1088,6.67,2018-11-08,3,333177,3
BR1088|43422,BR1088|334881|6.67,BR1088,6.67,2018-11-18,3,334881,3
BR1088|43423,BR1088|335295|6.67,BR1088,6.67,2018-11-19,2,335295,2
BR1088|43427,BR1088|336482|6.67,BR1088,6.67,2018-11-23,1,336482,1
BR1088|43429,BR1088|336811|6.67,BR1088,6.67,2018-11-25,1,336811,1
BR1088|43431,BR1088|337786|6.67,BR1088,6.67,2018-11-27,1,337786,1
BR1088|43244,BR1088|305440|6.75,BR1088,6.75,2018-05-24,20,305440,20
BR1088|43339,BR1088|321426|10,BR1088,10,2018-08-27,1,321426,1
BR1088|43182,BR1088|290600-C|20.24,BR1088,20.24,2018-03-23,1,290600-C,1
BR1092-ML|43460,BR1092-ML|343387|6.67,BR1092-ML,6.67,2018-12-26,1,343387,1
BR1092-ML|43526,BR1092-ML|354319|6.67,BR1092-ML,6.67,2019-03-02,1,354319,1
BR1092-ML|43431,BR1092-ML|337864-B|7,BR1092-ML,7,2018-11-27,1,337864-B,1
BR1092-ML|43237,BR1092-ML|303809|8.25,BR1092-ML,8.25,2018-05-17,10,303809,10
BR1092-ML|43238,BR1092-ML|AT20180518|10,BR1092-ML,10,2018-05-18,1,AT20180518,1
BR1092-ML|43427,BR1092-ML|336482|10,BR1092-ML,10,2018-11-23,1,336482,1
BR1092-ML|43432,BR1092-ML|338009|10,BR1092-ML,10,2018-11-28,1,338009,1
BR1092-SM|43460,BR1092-SM|343538-Day7|3.5,BR1092-SM,3.5,2018-12-26,1,343538-Day7,1
BR1092-SM|43365,BR1092-SM|325137|14,BR1092-SM,14,2018-09-22,2,325137,2
BR1092-SM|43339,BR1092-SM|321426|20,BR1092-SM,20,2018-08-27,1,321426,1
BR1093-ML|43430,BR1093-ML|337104-B|5.6,BR1093-ML,5.6,2018-11-26,1,337104-B,1
BR1093-ML|43431,BR1093-ML|337864-B|5.6,BR1093-ML,5.6,2018-11-27,1,337864-B,1
BR1093-ML|43454,BR1093-ML|342752|6.33,BR1093-ML,6.33,2018-12-20,1,342752,1
BR1093-ML|43427,BR1093-ML|336482|8,BR1093-ML,8,2018-11-23,1,336482,1
BR1093-ML|43428,BR1093-ML|336677|8,BR1093-ML,8,2018-11-24,3,336677,3
BR1093-ML|43431,BR1093-ML|337786|8,BR1093-ML,8,2018-11-27,1,337786,1
BR1093-ML|43432,BR1093-ML|338009|8,BR1093-ML,8,2018-11-28,1,338009,1
BR1093-ML|43460,BR1093-ML|343387|8,BR1093-ML,8,2018-12-26,1,343387,1
BR1093-ML|43465,BR1093-ML|344612|8,BR1093-ML,8,2018-12-31,1,344612,1
BR1094-ML|43460,BR1094-ML|343538-Day7|3.5,BR1094-ML,3.5,2018-12-26,5,343538-Day7,5
BR1094-SM|43460,BR1094-SM|343538-Day7|3.5,BR1094-SM,3.5,2018-12-26,1,343538-Day7,1
BR1099-L|43430,BR1099-L|337104-B|2.33,BR1099-L,2.33,2018-11-26,3,337104-B,3
BR1099-L|43431,BR1099-L|337864-B|2.33,BR1099-L,2.33,2018-11-27,1,337864-B,1
BR1099-L|43460,BR1099-L|343387|6.67,BR1099-L,6.67,2018-12-26,1,343387,1
BR1099-M|43190,BR1099-M|292589B|0,BR1099-M,0,2018-03-31,5,292589B,5
BR1099-M|43365,BR1099-M|325137|7,BR1099-M,7,2018-09-22,3,325137,3
BR1099-M|43430,BR1099-M|337104|7,BR1099-M,7,2018-11-26,3,337104,3
BR1099-M|43339,BR1099-M|321426|10,BR1099-M,10,2018-08-27,2,321426,2
BR1099-M|43363,BR1099-M|324804|10,BR1099-M,10,2018-09-20,3,324804,3
BR1099-M|43422,BR1099-M|334881|10,BR1099-M,10,2018-11-18,1,334881,1
BR1099-M|43444,BR1099-M|340712|10,BR1099-M,10,2018-12-10,3,340712,3
BR1099-M|43446,BR1099-M|341236|10,BR1099-M,10,2018-12-12,1,341236,1
BR1099-M|43115,BR1099-M|276456|16.49,BR1099-M,16.49,2018-01-15,1,276456,1
BR1099-S|43190,BR1099-S|292589B|0,BR1099-S,0,2018-03-31,5,292589B,5
BR1099-S|43365,BR1099-S|325137|7,BR1099-S,7,2018-09-22,3,325137,3
BR1099-S|43430,BR1099-S|337104|7,BR1099-S,7,2018-11-26,2,337104,2
BR1099-S|43238,BR1099-S|SW20180518|10,BR1099-S,10,2018-05-18,1,SW20180518,1
BR1099-S|43363,BR1099-S|324804|10,BR1099-S,10,2018-09-20,3,324804,3
BR1099-S|43422,BR1099-S|334881|10,BR1099-S,10,2018-11-18,1,334881,1
BR1099-S|43444,BR1099-S|340712|10,BR1099-S,10,2018-12-10,5,340712,5
BR1099-S|43446,BR1099-S|341236|10,BR1099-S,10,2018-12-12,2,341236,2
BR1100-ML|43460,BR1100-ML|343538-Day7|3.5,BR1100-ML,3.5,2018-12-26,3,343538-Day7,3
BR1100-ML|43460,BR1100-ML|343387|5.71,BR1100-ML,5.71,2018-12-26,1,343387,1
BR1100-ML|43427,BR1100-ML|336482|8.57,BR1100-ML,8.57,2018-11-23,1,336482,1
BR1100-ML|43428,BR1100-ML|336677|8.57,BR1100-ML,8.57,2018-11-24,1,336677,1
BR1100-SM|43460,BR1100-SM|343538-Day7|3.5,BR1100-SM,3.5,2018-12-26,5,343538-Day7,5
BR1156|43246,BR1156|306000|32.99,BR1156,32.99,2018-05-26,2,306000,2
BR1156S|43406,BR1156S|332103|14.63,BR1156S,14.63,2018-11-02,2,332103,2
BR1156S|43406,BR1156S|332107|14.63,BR1156S,14.63,2018-11-02,2,332107,2
BR1168-ML|43190,BR1168-ML|292589B|0,BR1168-ML,0,2018-03-31,3,292589B,3
BR1168-ML|43220,BR1168-ML|299520|21.99,BR1168-ML,21.99,2018-04-30,1,299520,1
BR1168-SM|43220,BR1168-SM|299520|21.99,BR1168-SM,21.99,2018-04-30,1,299520,1
BR2001-ML|43247,BR2001-ML|306106|15.99,BR2001-ML,15.99,2018-05-27,1,306106,1
BR2001-SM|43328,BR2001-SM|319914|7.5,BR2001-SM,7.5,2018-08-16,1,319914,1
BR2001-XS|43328,BR2001-XS|319914|7.5,BR2001-XS,7.5,2018-08-16,3,319914,3
BR2002|43406,BR2002|332107|0,BR2002,0,2018-11-02,2,332107,2
BR2002|43395,BR2002|330380|15,BR2002,15,2018-10-22,1,330380,1
BRC2004-ML|43446,BRC2004-ML|341236|20,BRC2004-ML,20,2018-12-12,1,341236,1
BRC2004-SM|43406,BRC2004-SM|332103|0,BRC2004-SM,0,2018-11-02,1,332103,1
BRC2004-SM|43395,BRC2004-SM|330380|20,BRC2004-SM,20,2018-10-22,1,330380,1
BRC2004-SM|43444,BRC2004-SM|340712|20,BRC2004-SM,20,2018-12-10,1,340712,1
BRM2004-ML|43406,BRM2004-ML|332103|0,BRM2004-ML,0,2018-11-02,1,332103,1
BRM2004-SM|43406,BRM2004-SM|332103|0,BRM2004-SM,0,2018-11-02,1,332103,1
CH1073|43460,CH1073|343538-Day5|1.4,CH1073,1.4,2018-12-26,1,343538-Day5,1
CH1073|43526,CH1073|354319|4.5,CH1073,4.5,2019-03-02,1,354319,1
CH1075|43460,CH1075|343538-Day5|1.4,CH1075,1.4,2018-12-26,1,343538-Day5,1
CH1075|43178,CH1075|289713|5.99,CH1075,5.99,2018-03-19,2,289713,2
CH1076|43160,CH1076|285687-C|2,CH1076,2,2018-03-01,10,285687-C,10
CH1076|43163,CH1076|286266-C|2,CH1076,2,2018-03-04,14,286266-C,14
CH1076|43178,CH1076|289713|2,CH1076,2,2018-03-19,10,289713,10
CH1076|43182,CH1076|290600-B|2,CH1076,2,2018-03-23,5,290600-B,5
CH1091|43460,CH1091|343538-Day5|1.4,CH1091,1.4,2018-12-26,1,343538-Day5,1
CH1091|43526,CH1091|354319|4.5,CH1091,4.5,2019-03-02,1,354319,1
CH1108|43240,CH1108|304479|5.58,CH1108,5.58,2018-05-20,2,304479,2
CH1108|43242,CH1108|304948|6.19,CH1108,6.19,2018-05-22,1,304948,1
CH1108-G|43460,CH1108-G|343538-Day5|1.4,CH1108-G,1.4,2018-12-26,1,343538-Day5,1
CH1108-G|43526,CH1108-G|354319|4.5,CH1108-G,4.5,2019-03-02,2,354319,2
CH1110|43146,CH1110|282442|0,CH1110,0,2018-02-15,1,282442,1
CH1110|43146,CH1110|282444|0,CH1110,0,2018-02-15,1,282444,1
CH1110|43460,CH1110|343538-Day5|1.4,CH1110,1.4,2018-12-26,1,343538-Day5,1
CH1110|43526,CH1110|354319|5,CH1110,5,2019-03-02,2,354319,2
CH1110|43268,CH1110|310062|5.79,CH1110,5.79,2018-06-17,1,310062,1
CH1111|43460,CH1111|343538-Day5|1.4,CH1111,1.4,2018-12-26,1,343538-Day5,1
CH1111|43365,CH1111|325137|1.99,CH1111,1.99,2018-09-22,10,325137,10
CH1111|43364,CH1111|324937|2.5,CH1111,2.5,2018-09-21,2,324937,2
CH1111|43364,CH1111|324936|2.66,CH1111,2.66,2018-09-21,1,324936,1
CH1121|43460,CH1121|343538-Day5|1.4,CH1121,1.4,2018-12-26,1,343538-Day5,1
CH1133|43460,CH1133|343538-Day5|1.4,CH1133,1.4,2018-12-26,1,343538-Day5,1
CH1133|43430,CH1133|337104|3.5,CH1133,3.5,2018-11-26,3,337104,3
CH1133|43526,CH1133|354319|4.5,CH1133,4.5,2019-03-02,1,354319,1
CH1134|43460,CH1134|343538-Day5|1.4,CH1134,1.4,2018-12-26,1,343538-Day5,1
CH1134|43526,CH1134|354319|4.5,CH1134,4.5,2019-03-02,1,354319,1
CH1137|43406,CH1137|332107|0,CH1137,0,2018-11-02,1,332107,1
CH1137|43420,CH1137|334620|0,CH1137,0,2018-11-16,1,334620,1
CH1137|43460,CH1137|343538-Day5|1.4,CH1137,1.4,2018-12-26,1,343538-Day5,1
CH1137|43412,CH1137|333177|5,CH1137,5,2018-11-08,1,333177,1
CH1137|43526,CH1137|354319|5,CH1137,5,2019-03-02,3,354319,3
CH1137|43220,CH1137|299520|7.99,CH1137,7.99,2018-04-30,1,299520,1
CH1165-AS|43406,CH1165-AS|332103|2.25,CH1165-AS,2.25,2018-11-02,2,332103,2
CH1165-AS|43406,CH1165-AS|332107|2.25,CH1165-AS,2.25,2018-11-02,2,332107,2
CH1165-AS|43244,CH1165-AS|305440|7.99,CH1165-AS,7.99,2018-05-24,1,305440,1
CH1168-AS|43220,CH1168-AS|299520|7.99,CH1168-AS,7.99,2018-04-30,1,299520,1
CH1168-AS|43220,CH1168-AS|299520|7.99,CH1168-AS,7.99,2018-04-30,1,299520,1
CH1168-AS|43244,CH1168-AS|305440|7.99,CH1168-AS,7.99,2018-05-24,1,305440,1
CH1168-G|43190,CH1168-G|292589A|0,CH1168-G,0,2018-03-31,5,292589A,5
CH1168-G|43460,CH1168-G|343538-Day5|1.4,CH1168-G,1.4,2018-12-26,2,343538-Day5,2
CH1168-G|43244,CH1168-G|305440|7.99,CH1168-G,7.99,2018-05-24,1,305440,1
CH1168-H|43526,CH1168-H|354319|4.5,CH1168-H,4.5,2019-03-02,1,354319,1
CH1168-H|43220,CH1168-H|299520|7.99,CH1168-H,7.99,2018-04-30,1,299520,1
CH1168-H|43244,CH1168-H|305440|7.99,CH1168-H,7.99,2018-05-24,1,305440,1
CH2500|43522,CH2500|352283|0,CH2500,0,2019-02-26,2,352283,2
CH2500-E|43526,CH2500-E|354319|15,CH2500-E,15,2019-03-02,1,354319,1
CH3000|43250,CH3000|307249|7.99,CH3000,7.99,2018-05-30,1,307249,1
CH3000-G|43460,CH3000-G|343538-Day5|1.4,CH3000-G,1.4,2018-12-26,1,343538-Day5,1
CH3001-G|43526,CH3001-G|354319|4.5,CH3001-G,4.5,2019-03-02,2,354319,2
CH3002|43406,CH3002|332103|2.25,CH3002,2.25,2018-11-02,2,332103,2
CH3002|43406,CH3002|332107|2.25,CH3002,2.25,2018-11-02,2,332107,2
CH3003|43460,CH3003|343538-Day5|1.4,CH3003,1.4,2018-12-26,1,343538-Day5,1
CH3005|43460,CH3005|343538-Day5|1.4,CH3005,1.4,2018-12-26,1,343538-Day5,1
CH3007|43460,CH3007|343538-Day5|1.4,CH3007,1.4,2018-12-26,1,343538-Day5,1
CH3007|43328,CH3007|319914|3.75,CH3007,3.75,2018-08-16,3,319914,3
CH3007|43328,CH3007|319914|3.75,CH3007,3.75,2018-08-16,1,319914,1
CH3009|43272,CH3009|310818-B|5.99,CH3009,5.99,2018-06-21,1,310818-B,1
CH3010|43460,CH3010|343538-Day5|1.4,CH3010,1.4,2018-12-26,1,343538-Day5,1
CH3010-G|43460,CH3010-G|343538-Day5|1.4,CH3010-G,1.4,2018-12-26,1,343538-Day5,1
CH3010-G|43151,CH3010-G|JD20180220|2.56,CH3010-G,2.56,2018-02-20,1,JD20180220,1
CH3010-G|43526,CH3010-G|354319|4.5,CH3010-G,4.5,2019-03-02,1,354319,1
CH3012|43460,CH3012|343538-Rest|1.75,CH3012,1.75,2018-12-26,25,343538-Rest,25
CH3012|43465,CH3012|344612|2.5,CH3012,2.5,2018-12-31,2,344612,2
CH3012|43412,CH3012|333177|5,CH3012,5,2018-11-08,1,333177,1
CH3012|43444,CH3012|340712|5,CH3012,5,2018-12-10,5,340712,5
CH3013|43460,CH3013|343538-Day5|1.4,CH3013,1.4,2018-12-26,1,343538-Day5,1
CH3014|43460,CH3014|343538-Day5|1.4,CH3014,1.4,2018-12-26,1,343538-Day5,1
CH3014|43431,CH3014|337864-B|3.5,CH3014,3.5,2018-11-27,2,337864-B,2
CH3018|43272,CH3018|310818-B|5.99,CH3018,5.99,2018-06-21,1,310818-B,1
CH3020|43244,CH3020|305440|7.99,CH3020,7.99,2018-05-24,1,305440,1
CH3022|43244,CH3022|305440|7.99,CH3022,7.99,2018-05-24,1,305440,1
CH3025|43328,CH3025|319914|3.75,CH3025,3.75,2018-08-16,3,319914,3
CH3025|43328,CH3025|319914|3.75,CH3025,3.75,2018-08-16,1,319914,1
CH3031|43522,CH3031|352283|0,CH3031,0,2019-02-26,1,352283,1
CH6001|43363,CH6001|324804|5,CH6001,5,2018-09-20,1,324804,1
CH6001|43220,CH6001|299520|8.99,CH6001,8.99,2018-04-30,1,299520,1
CH6002|43238,CH6002|304062|0,CH6002,0,2018-05-18,1,304062,1
CH6004|43406,CH6004|332103|0,CH6004,0,2018-11-02,1,332103,1
CH6004|43446,CH6004|341236|5,CH6004,5,2018-12-12,1,341236,1
CH6004|43272,CH6004|310818-B|6.74,CH6004,6.74,2018-06-21,1,310818-B,1
CH6005|43220,CH6005|299520|8.99,CH6005,8.99,2018-04-30,1,299520,1
CH6007|43430,CH6007|337104|3.5,CH6007,3.5,2018-11-26,1,337104,1
CH6007|43444,CH6007|340712|5,CH6007,5,2018-12-10,2,340712,2
CH6007|43446,CH6007|341236|5,CH6007,5,2018-12-12,1,341236,1
CH6008|43430,CH6008|337104|3.5,CH6008,3.5,2018-11-26,1,337104,1
CH6008|43444,CH6008|340712|5,CH6008,5,2018-12-10,2,340712,2
CH6008|43446,CH6008|341236|5,CH6008,5,2018-12-12,1,341236,1
CH6010|43444,CH6010|340712|5,CH6010,5,2018-12-10,2,340712,2
CLASP-AS|43146,CLASP-AS|282441|4.49,CLASP-AS,4.49,2018-02-15,1,282441,1
CLASP-AS|43339,CLASP-AS|321376|5,CLASP-AS,5,2018-08-27,1,321376,1
CLASP-AS|43420,CLASP-AS|334640|5,CLASP-AS,5,2018-11-16,1,334640,1
CLASP-AS|43422,CLASP-AS|334881|5,CLASP-AS,5,2018-11-18,2,334881,2
CLASP-AS|43454,CLASP-AS|342750|5,CLASP-AS,5,2018-12-20,2,342750,2
CLASP-G|43146,CLASP-G|282441|4.49,CLASP-G,4.49,2018-02-15,1,282441,1
CLASP-G|43422,CLASP-G|334881|5,CLASP-G,5,2018-11-18,2,334881,2
CLASP-SS|43146,CLASP-SS|282441|4.49,CLASP-SS,4.49,2018-02-15,1,282441,1
CLASP-SS|43339,CLASP-SS|321376|5,CLASP-SS,5,2018-08-27,1,321376,1
CLASP-SS|43420,CLASP-SS|334640|5,CLASP-SS,5,2018-11-16,1,334640,1
CLASP-SS|43422,CLASP-SS|334881|5,CLASP-SS,5,2018-11-18,2,334881,2
CLASP-SS|43454,CLASP-SS|342750|5,CLASP-SS,5,2018-12-20,2,342750,2
ER1073|43526,ER1073|354319|9,ER1073,9,2019-03-02,1,354319,1
ER1075|43238,ER1075|304162|4,ER1075,4,2018-05-18,20,304162,20
ER1075|43240,ER1075|304479|4,ER1075,4,2018-05-20,15,304479,15
ER1075|43465,ER1075|344612|5,ER1075,5,2018-12-31,1,344612,1
ER1075|43178,ER1075|289713|11.99,ER1075,11.99,2018-03-19,2,289713,2
ER1075|43182,ER1075|290600-B|11.99,ER1075,11.99,2018-03-23,1,290600-B,1
ER1076|43160,ER1076|285687-C|4,ER1076,4,2018-03-01,10,285687-C,10
ER1076|43163,ER1076|286266-C|4,ER1076,4,2018-03-04,6,286266-C,6
ER1076|43178,ER1076|289713|4,ER1076,4,2018-03-19,11,289713,11
ER1076|43182,ER1076|290600-B|4,ER1076,4,2018-03-23,10,290600-B,10
ER1076|43238,ER1076|304162|4,ER1076,4,2018-05-18,15,304162,15
ER1091|43460,ER1091|344612-Day3-Day4|3.5,ER1091,3.5,2018-12-26,1,344612-Day3-Day4,1
ER1091|43272,ER1091|310818-A|3.57,ER1091,3.57,2018-06-21,5,310818-A,5
ER1091|43268,ER1091|310062|4.76,ER1091,4.76,2018-06-17,5,310062,5
ER1091|43269,ER1091|310120|4.76,ER1091,4.76,2018-06-18,5,310120,5
ER1091|43526,ER1091|354319|9,ER1091,9,2019-03-02,1,354319,1
ER1108-G|43526,ER1108-G|354319|9,ER1108-G,9,2019-03-02,3,354319,3
ER1110|43220,ER1110|LI20180430-B|8,ER1110,8,2018-04-30,1,LI20180430-B,1
ER1111|43365,ER1111|325137|2.79,ER1111,2.79,2018-09-22,10,325137,10
ER1111|43364,ER1111|324936|3.72,ER1111,3.72,2018-09-21,1,324936,1
ER1111|43364,ER1111|324937|5,ER1111,5,2018-09-21,2,324937,2
ER1111|43526,ER1111|354319|9,ER1111,9,2019-03-02,1,354319,1
ER1121|43220,ER1121|LI20180430-B|8,ER1121,8,2018-04-30,1,LI20180430-B,1
ER1121|43412,ER1121|333177|10,ER1121,10,2018-11-08,1,333177,1
ER1133|43190,ER1133|292589A|0,ER1133,0,2018-03-31,3,292589A,3
ER1133|43220,ER1133|LI20180430-B|8,ER1133,8,2018-04-30,1,LI20180430-B,1
ER1133|43526,ER1133|354319|9,ER1133,9,2019-03-02,2,354319,2
ER1133|43182,ER1133|290600-B|15.99,ER1133,15.99,2018-03-23,1,290600-B,1
ER1134|43460,ER1134|344612-Day3-Day4|3.5,ER1134,3.5,2018-12-26,1,344612-Day3-Day4,1
ER1134|43526,ER1134|354319|9,ER1134,9,2019-03-02,1,354319,1
ER1137|43339,ER1137|321426|5,ER1137,5,2018-08-27,2,321426,2
ER1137|43454,ER1137|342750|5,ER1137,5,2018-12-20,1,342750,1
ER1137|43220,ER1137|LI20180430-B|8,ER1137,8,2018-04-30,2,LI20180430-B,2
ER1137|43178,ER1137|289713|11.99,ER1137,11.99,2018-03-19,2,289713,2
ER1146|43220,ER1146|LI20180430-B|8,ER1146,8,2018-04-30,1,LI20180430-B,1
ER1156|43190,ER1156|292589A|0,ER1156,0,2018-03-31,3,292589A,3
ER1156|43220,ER1156|LI20180430-B|8,ER1156,8,2018-04-30,1,LI20180430-B,1
ER1159|43406,ER1159|332107|0,ER1159,0,2018-11-02,2,332107,2
ER1168-AS|43406,ER1168-AS|332103|4.5,ER1168-AS,4.5,2018-11-02,2,332103,2
ER1168-AS|43406,ER1168-AS|332107|4.5,ER1168-AS,4.5,2018-11-02,2,332107,2
ER1200|43238,ER1200|304062|0,ER1200,0,2018-05-18,1,304062,1
ER1201|43420,ER1201|334640|10,ER1201,10,2018-11-16,2,334640,2
ER2000|43522,ER2000|352283|0,ER2000,0,2019-02-26,1,352283,1
ER2000|43446,ER2000|341236|10,ER2000,10,2018-12-12,1,341236,1
ER2003|43420,ER2003|334620|7.5,ER2003,7.5,2018-11-16,1,334620,1
ER2003|43420,ER2003|334640|15,ER2003,15,2018-11-16,1,334640,1
ER2003|43446,ER2003|341236|15,ER2003,15,2018-12-12,3,341236,3
ER3001|43460,ER3001|344612-Day3-Day4|3.5,ER3001,3.5,2018-12-26,1,344612-Day3-Day4,1
ER3001|43526,ER3001|354319|5,ER3001,5,2019-03-02,2,354319,2
ER3010-G|43460,ER3010-G|344612-Day3-Day4|3.5,ER3010-G,3.5,2018-12-26,1,344612-Day3-Day4,1
ER3010-G|43151,ER3010-G|JD20180220|5.12,ER3010-G,5.12,2018-02-20,1,JD20180220,1
ER3012|43460,ER3012|343538-Rest|3.5,ER3012,3.5,2018-12-26,25,343538-Rest,25
ER3012|43465,ER3012|344612|5,ER3012,5,2018-12-31,4,344612,4
ER6001|43363,ER6001|324804|10,ER6001,10,2018-09-20,1,324804,1
ER6001|43272,ER6001|310818-B|13.49,ER6001,13.49,2018-06-21,1,310818-B,1
ER6007|43384,ER6007|328332|10,ER6007,10,2018-10-11,2,328332,2
ER6013|43384,ER6013|328332|10,ER6013,10,2018-10-11,2,328332,2
HH1000|43147,HH1000|KJ20180216|1.65,HH1000,1.65,2018-02-16,25,KJ20180216,25
HH3000|43268,HH3000|310060-B|0,HH3000,0,2018-06-17,1,310060-B,1
HH3000|43430,HH3000|337104|0.25,HH3000,0.25,2018-11-26,20,337104,20
HH3000|43246,HH3000|306000|0.5,HH3000,0.5,2018-05-26,48,306000,48
HH3000|43250,HH3000|307249|0.5,HH3000,0.5,2018-05-30,10,307249,10
HH3000|43253,HH3000|307890|0.5,HH3000,0.5,2018-06-02,20,307890,20
HH3000|43267,HH3000|309695|0.5,HH3000,0.5,2018-06-16,10,309695,10
HH3000|43269,HH3000|310120|0.5,HH3000,0.5,2018-06-18,10,310120,10
HH3000|43422,HH3000|334881|0.5,HH3000,0.5,2018-11-18,10,334881,10
HH3000|43425,HH3000|335664|0.5,HH3000,0.5,2018-11-21,20,335664,20
HH3000|43460,HH3000|343387|0.5,HH3000,0.5,2018-12-26,20,343387,20
IN-BLUSH-STONE|43101,IN-BLUSH-STONE|273824|5,IN-BLUSH-STONE,5,2018-01-01,10,273824,10
IN1128S|43460,IN1128S|343387|1.82,IN1128S,1.82,2018-12-26,1,343387,1
IN1128S|43526,IN1128S|354319|1.82,IN1128S,1.82,2019-03-02,3,354319,3
IN1128S|43431,IN1128S|337864-B|1.91,IN1128S,1.91,2018-11-27,1,337864-B,1
IN1128S|43425,IN1128S|335666|2.73,IN1128S,2.73,2018-11-21,7,335666,7
IN1128S|43425,IN1128S|335664|2.73,IN1128S,2.73,2018-11-21,5,335664,5
IN1128S|43425,IN1128S|335662|2.73,IN1128S,2.73,2018-11-21,1,335662,1
IN1128S|43427,IN1128S|336482|2.73,IN1128S,2.73,2018-11-23,1,336482,1
IN1128S|43428,IN1128S|336677|2.73,IN1128S,2.73,2018-11-24,2,336677,2
IN1128S|43429,IN1128S|336811|2.73,IN1128S,2.73,2018-11-25,1,336811,1
IN1128S|43430,IN1128S|337141|2.73,IN1128S,2.73,2018-11-26,1,337141,1
IN1128S|43431,IN1128S|337786|2.73,IN1128S,2.73,2018-11-27,1,337786,1
IN1128S|43432,IN1128S|338009|2.73,IN1128S,2.73,2018-11-28,2,338009,2
IN1166|43190,IN1166|292589C|0,IN1166,0,2018-03-31,1,292589C,1
IN1166|43430,IN1166|337104|3.5,IN1166,3.5,2018-11-26,10,337104,10
IN1166|43431,IN1166|337864-B|3.5,IN1166,3.5,2018-11-27,10,337864-B,10
IN1166|43257,IN1166|308516|9.99,IN1166,9.99,2018-06-06,1,308516,1
IN1167|43190,IN1167|292589C|0,IN1167,0,2018-03-31,1,292589C,1
IN1167|43430,IN1167|337104|3.5,IN1167,3.5,2018-11-26,10,337104,10
IN1167|43431,IN1167|337864-B|3.5,IN1167,3.5,2018-11-27,10,337864-B,10
IN1167|43257,IN1167|308516|9.99,IN1167,9.99,2018-06-06,1,308516,1
IN1168S|43339,IN1168S|321426|5,IN1168S,5,2018-08-27,2,321426,2
IN1180|43454,IN1180|342750|2.86,IN1180,2.86,2018-12-20,1,342750,1
IN1180|43460,IN1180|343387|2.86,IN1180,2.86,2018-12-26,1,343387,1
IN1180|43465,IN1180|344612|2.86,IN1180,2.86,2018-12-31,1,344612,1
IN1180|43431,IN1180|337864-B|3,IN1180,3,2018-11-27,1,337864-B,1
IN1180|43454,IN1180|342752|3.39,IN1180,3.39,2018-12-20,1,342752,1
IN1180|43425,IN1180|335666|4.29,IN1180,4.29,2018-11-21,5,335666,5
IN1180|43425,IN1180|335664|4.29,IN1180,4.29,2018-11-21,5,335664,5
IN1180|43425,IN1180|335662|4.29,IN1180,4.29,2018-11-21,1,335662,1
IN1180|43427,IN1180|336482|4.29,IN1180,4.29,2018-11-23,1,336482,1
IN1180|43428,IN1180|336585|4.29,IN1180,4.29,2018-11-24,1,336585,1
IN1180|43431,IN1180|337786|4.29,IN1180,4.29,2018-11-27,1,337786,1
IN1180|43432,IN1180|338009|4.29,IN1180,4.29,2018-11-28,2,338009,2
IN1184S|43431,IN1184S|337864-B|3.5,IN1184S,3.5,2018-11-27,1,337864-B,1
IN1184S|43339,IN1184S|321426|5,IN1184S,5,2018-08-27,1,321426,1
IN1185S|43431,IN1185S|337864-B|3.5,IN1185S,3.5,2018-11-27,1,337864-B,1
IN1188S|43190,IN1188S|292589C|0,IN1188S,0,2018-03-31,2,292589C,2
IN1189S|43190,IN1189S|292589C|0,IN1189S,0,2018-03-31,2,292589C,2
IN1189S|43406,IN1189S|332103|2.25,IN1189S,2.25,2018-11-02,2,332103,2
IN1189S|43406,IN1189S|332107|2.25,IN1189S,2.25,2018-11-02,2,332107,2
IN1218|43451,IN1218|342400|0,IN1218,0,2018-12-17,1,342400,1
IN1218|43406,IN1218|332103|8.36,IN1218,8.36,2018-11-02,3,332103,3
IN1218|43406,IN1218|332107|8.36,IN1218,8.36,2018-11-02,4,332107,4
IN1230|43190,IN1230|292589C|0,IN1230,0,2018-03-31,4,292589C,4
IN1230|43268,IN1230|310060-B|5.99,IN1230,5.99,2018-06-17,2,310060-B,2
IN1247S|43190,IN1247S|292589C|0,IN1247S,0,2018-03-31,2,292589C,2
IN1247S|43339,IN1247S|321426|5,IN1247S,5,2018-08-27,1,321426,1
IN1255S|43339,IN1255S|321426|5,IN1255S,5,2018-08-27,1,321426,1
IN1262|43365,IN1262|325137|3.75,IN1262,3.75,2018-09-22,10,325137,10
IN1262|43363,IN1262|324804|5,IN1262,5,2018-09-20,10,324804,10
IN1262|43364,IN1262|324936|5,IN1262,5,2018-09-21,1,324936,1
IN1262|43364,IN1262|324936|5,IN1262,5,2018-09-21,1,324936,1
IN1262|43371,IN1262|326432|5,IN1262,5,2018-09-28,9,326432,9
IN1262|43371,IN1262|326432|5,IN1262,5,2018-09-28,1,326432,1
IN1264|43451,IN1264|342400|0,IN1264,0,2018-12-17,1,342400,1
IN1267S|43190,IN1267S|292589C|0,IN1267S,0,2018-03-31,2,292589C,2
IN1267S|43339,IN1267S|321426|5,IN1267S,5,2018-08-27,1,321426,1
IN1272S|43190,IN1272S|292589C|0,IN1272S,0,2018-03-31,2,292589C,2
IN1272S|43460,IN1272S|343387|1.52,IN1272S,1.52,2018-12-26,1,343387,1
IN1272S|43454,IN1272S|342752|2.95,IN1272S,2.95,2018-12-20,1,342752,1
IN1305S|43190,IN1305S|292589C|0,IN1305S,0,2018-03-31,5,292589C,5
IN1305S|43339,IN1305S|321426|5,IN1305S,5,2018-08-27,2,321426,2
IN1308S|43430,IN1308S|337104-B|1.75,IN1308S,1.75,2018-11-26,2,337104-B,2
IN1308S|43431,IN1308S|337864-B|1.75,IN1308S,1.75,2018-11-27,4,337864-B,4
IN1326S|43146,IN1326S|282441|3.5,IN1326S,3.5,2018-02-15,2,282441,2
IN1338|43451,IN1338|342400|0,IN1338,0,2018-12-17,1,342400,1
IN1338|43272,IN1338|310818-A|1.97,IN1338,1.97,2018-06-21,5,310818-A,5
IN1338|43269,IN1338|310120|2.62,IN1338,2.62,2018-06-18,10,310120,10
IN1348S|43430,IN1348S|337104|2.5,IN1348S,2.5,2018-11-26,2,337104,2
IN1348S|43431,IN1348S|337864-B|2.5,IN1348S,2.5,2018-11-27,2,337864-B,2
IN1348S|43412,IN1348S|333177|3.33,IN1348S,3.33,2018-11-08,3,333177,3
IN1348S|43422,IN1348S|334881|3.33,IN1348S,3.33,2018-11-18,3,334881,3
IN1348S|43423,IN1348S|335295|3.33,IN1348S,3.33,2018-11-19,2,335295,2
IN1348S|43427,IN1348S|336482|3.33,IN1348S,3.33,2018-11-23,1,336482,1
IN1348S|43429,IN1348S|336811|3.33,IN1348S,3.33,2018-11-25,1,336811,1
IN1348S|43431,IN1348S|337786|3.33,IN1348S,3.33,2018-11-27,1,337786,1
IN1353S|43460,IN1353S|343387|1.54,IN1353S,1.54,2018-12-26,1,343387,1
IN1353S|43454,IN1353S|342752|1.82,IN1353S,1.82,2018-12-20,1,342752,1
IN1353S|43420,IN1353S|334640|2.31,IN1353S,2.31,2018-11-16,5,334640,5
IN1353S|43422,IN1353S|334881|2.31,IN1353S,2.31,2018-11-18,3,334881,3
IN1353S|43423,IN1353S|335295|2.31,IN1353S,2.31,2018-11-19,4,335295,4
IN1355|43406,IN1355|332103|8.36,IN1355,8.36,2018-11-02,4,332103,4
IN1355|43406,IN1355|332107|8.36,IN1355,8.36,2018-11-02,4,332107,4
IN1365|43101,IN1365|273824|3.13,IN1365,3.13,2018-01-01,5,273824,5
IN1367|43101,IN1367|273824|1,IN1367,1,2018-01-01,1,273824,1
IN1372|43101,IN1372|273824|3.13,IN1372,3.13,2018-01-01,5,273824,5
IN1405S|43163,IN1405S|286266-B|3.5,IN1405S,3.5,2018-03-04,2,286266-B,2
IN1405S|43178,IN1405S|289713|3.5,IN1405S,3.5,2018-03-19,8,289713,8
IN1405S|43182,IN1405S|290600-B|3.5,IN1405S,3.5,2018-03-23,1,290600-B,1
IN1405S|43190,IN1405S|292582|3.5,IN1405S,3.5,2018-03-31,2,292582,2
IN1446S|43146,IN1446S|282441|3.5,IN1446S,3.5,2018-02-15,6,282441,6
IN1448S|43182,IN1448S|290600-B|5.94,IN1448S,5.94,2018-03-23,2,290600-B,2
IN1449S|43146,IN1449S|282441|3.5,IN1449S,3.5,2018-02-15,2,282441,2
IN1454S|43148,IN1454S|282954|5.24,IN1454S,5.24,2018-02-17,1,282954,1
IN1454S|43182,IN1454S|290600-B|5.24,IN1454S,5.24,2018-03-23,1,290600-B,1
IN1455S|43182,IN1455S|290600-B|3.5,IN1455S,3.5,2018-03-23,1,290600-B,1
IN1478S|43460,IN1478S|343387|0.77,IN1478S,0.77,2018-12-26,1,343387,1
IN1478S|43454,IN1478S|342752|0.91,IN1478S,0.91,2018-12-20,1,342752,1
IN1478S|43420,IN1478S|334640|1.15,IN1478S,1.15,2018-11-16,6,334640,6
IN1478S|43422,IN1478S|334881|1.15,IN1478S,1.15,2018-11-18,3,334881,3
IN1478S|43423,IN1478S|335295|1.15,IN1478S,1.15,2018-11-19,4,335295,4
IN1479|43460,IN1479|343387|2.86,IN1479,2.86,2018-12-26,1,343387,1
IN1479|43427,IN1479|336482|4.29,IN1479,4.29,2018-11-23,1,336482,1
IN1479|43428,IN1479|336677|4.29,IN1479,4.29,2018-11-24,1,336677,1
IN1480S|43365,IN1480S|325137|1.99,IN1480S,1.99,2018-09-22,10,325137,10
IN1480S|43364,IN1480S|324937|2.5,IN1480S,2.5,2018-09-21,2,324937,2
IN1480S|43364,IN1480S|324936|2.66,IN1480S,2.66,2018-09-21,1,324936,1
IN1486S|43339,IN1486S|321426|5,IN1486S,5,2018-08-27,5,321426,5
IN1601|43430,IN1601|337104|3.5,IN1601,3.5,2018-11-26,2,337104,2
IN1601|43431,IN1601|337864-B|3.5,IN1601,3.5,2018-11-27,2,337864-B,2
IN1606|43430,IN1606|337104|3.5,IN1606,3.5,2018-11-26,2,337104,2
IN1606|43431,IN1606|337864-B|3.5,IN1606,3.5,2018-11-27,2,337864-B,2
IN1606-G|43430,IN1606-G|337104|3.5,IN1606-G,3.5,2018-11-26,1,337104,1
IN1607S|43431,IN1607S|337864-B|1.75,IN1607S,1.75,2018-11-27,2,337864-B,2
IN1607S|43406,IN1607S|332103|4.18,IN1607S,4.18,2018-11-02,4,332103,4
IN1607S|43406,IN1607S|332107|4.18,IN1607S,4.18,2018-11-02,4,332107,4
IN1607S|43339,IN1607S|321426|5,IN1607S,5,2018-08-27,2,321426,2
IN1607S-G|43246,IN1607S-G|306000|0,IN1607S-G,0,2018-05-26,3,306000,3
IN1607S-G|43247,IN1607S-G|306106|0,IN1607S-G,0,2018-05-27,3,306106,3
IN1607S-G|43248,IN1607S-G|306179|0,IN1607S-G,0,2018-05-28,4,306179,4
IN1607S-G|43246,IN1607S-G|306000|2,IN1607S-G,2,2018-05-26,12,306000,12
IN1607S-G|43247,IN1607S-G|306106|2,IN1607S-G,2,2018-05-27,12,306106,12
IN1607S-G|43248,IN1607S-G|306179|2,IN1607S-G,2,2018-05-28,16,306179,16
IN1614|43430,IN1614|337104-B|7,IN1614,7,2018-11-26,2,337104-B,2
IN1615S|43430,IN1615S|337104-B|3.5,IN1615S,3.5,2018-11-26,1,337104-B,1
IN1616|43430,IN1616|337104-B|3.5,IN1616,3.5,2018-11-26,4,337104-B,4
IN1616|43431,IN1616|337864-B|3.5,IN1616,3.5,2018-11-27,2,337864-B,2
IN1617S|43190,IN1617S|292589C|0,IN1617S,0,2018-03-31,3,292589C,3
IN1617S|43242,IN1617S|304949|0,IN1617S,0,2018-05-22,1,304949,1
IN1617S|43430,IN1617S|337104-B|1.75,IN1617S,1.75,2018-11-26,10,337104-B,10
IN1617S|43431,IN1617S|337864-B|1.75,IN1617S,1.75,2018-11-27,4,337864-B,4
IN1617S|43526,IN1617S|354319|4.5,IN1617S,4.5,2019-03-02,1,354319,1
IN1617S|43339,IN1617S|321426|5,IN1617S,5,2018-08-27,1,321426,1
IN1617S|43363,IN1617S|324804|5,IN1617S,5,2018-09-20,1,324804,1
IN1617S|43242,IN1617S|304949|7.99,IN1617S,7.99,2018-05-22,2,304949,2
IN1617S|43406,IN1617S|332103|8.36,IN1617S,8.36,2018-11-02,8,332103,8
IN1617S|43406,IN1617S|332107|8.36,IN1617S,8.36,2018-11-02,8,332107,8
IN1618|43190,IN1618|292589C|0,IN1618,0,2018-03-31,1,292589C,1
IN1619S|43190,IN1619S|292589C|0,IN1619S,0,2018-03-31,2,292589C,2
IN1619S|43430,IN1619S|337104-B|1.75,IN1619S,1.75,2018-11-26,10,337104-B,10
IN1619S|43431,IN1619S|337864-B|1.75,IN1619S,1.75,2018-11-27,5,337864-B,5
IN1619S|43339,IN1619S|321426|5,IN1619S,5,2018-08-27,2,321426,2
IN1620|43430,IN1620|337104-B|3.5,IN1620,3.5,2018-11-26,2,337104-B,2
IN1620|43431,IN1620|337864-B|3.5,IN1620,3.5,2018-11-27,2,337864-B,2
IN1621S|43431,IN1621S|337864-B|1.75,IN1621S,1.75,2018-11-27,1,337864-B,1
IN1622S|43190,IN1622S|292589C|0,IN1622S,0,2018-03-31,2,292589C,2
IN1623S|43190,IN1623S|292589C|0,IN1623S,0,2018-03-31,2,292589C,2
IN1623S|43339,IN1623S|321426|5,IN1623S,5,2018-08-27,2,321426,2
IN1626S|43412,IN1626S|333177|5,IN1626S,5,2018-11-08,2,333177,2
IN1628S|43148,IN1628S|282954|5.94,IN1628S,5.94,2018-02-17,4,282954,4
IN1636S|43182,IN1636S|290600-B|5.94,IN1636S,5.94,2018-03-23,2,290600-B,2
IN1737S|43339,IN1737S|321426|2.5,IN1737S,2.5,2018-08-27,1,321426,1
IN1737S|43150,IN1737S|283256|5.94,IN1737S,5.94,2018-02-19,1,283256,1
IN1804S|43163,IN1804S|286266-B|3.5,IN1804S,3.5,2018-03-04,2,286266-B,2
IN1804S|43178,IN1804S|289713|3.5,IN1804S,3.5,2018-03-19,5,289713,5
IN1804S|43182,IN1804S|290600-B|3.5,IN1804S,3.5,2018-03-23,5,290600-B,5
IN1804S|43190,IN1804S|292582|3.5,IN1804S,3.5,2018-03-31,5,292582,5
IN1806S|43146,IN1806S|282441|3.5,IN1806S,3.5,2018-02-15,2,282441,2
IN1812S|43160,IN1812S|285687-C|3.5,IN1812S,3.5,2018-03-01,2,285687-C,2
IN1812S|43178,IN1812S|289713|3.5,IN1812S,3.5,2018-03-19,8,289713,8
IN1812S|43182,IN1812S|290600-B|3.5,IN1812S,3.5,2018-03-23,5,290600-B,5
IN1812S|43190,IN1812S|292582|3.5,IN1812S,3.5,2018-03-31,2,292582,2
IN1813S|43146,IN1813S|282441|3.5,IN1813S,3.5,2018-02-15,2,282441,2
IN1820S|43148,IN1820S|282954|5.94,IN1820S,5.94,2018-02-17,1,282954,1
IN1820S|43150,IN1820S|283256|5.94,IN1820S,5.94,2018-02-19,1,283256,1
IN1820S|43182,IN1820S|290600-B|5.94,IN1820S,5.94,2018-03-23,1,290600-B,1
IN1822S|43160,IN1822S|285687-C|3.5,IN1822S,3.5,2018-03-01,1,285687-C,1
IN1822S|43163,IN1822S|286266-C|3.5,IN1822S,3.5,2018-03-04,3,286266-C,3
IN1833S|43431,IN1833S|337864-B|1.75,IN1833S,1.75,2018-11-27,4,337864-B,4
IN1834S|43148,IN1834S|282954|5.24,IN1834S,5.24,2018-02-17,2,282954,2
IN1834S|43150,IN1834S|283256|5.24,IN1834S,5.24,2018-02-19,2,283256,2
IN1834S|43160,IN1834S|285687-C|5.24,IN1834S,5.24,2018-03-01,1,285687-C,1
IN1834S|43163,IN1834S|286266-C|5.24,IN1834S,5.24,2018-03-04,1,286266-C,1
IN1834S|43182,IN1834S|290600-B|5.24,IN1834S,5.24,2018-03-23,2,290600-B,2
IN1861S|43146,IN1861S|282441|3.5,IN1861S,3.5,2018-02-15,5,282441,5
IN1862S|43431,IN1862S|337786|2.5,IN1862S,2.5,2018-11-27,1,337786,1
IN1863S|43146,IN1863S|282441|3.5,IN1863S,3.5,2018-02-15,2,282441,2
IN1864S|43190,IN1864S|292589C|0,IN1864S,0,2018-03-31,2,292589C,2
IN1864S|43190,IN1864S|292589C|0,IN1864S,0,2018-03-31,2,292589C,2
IN1864S|43244,IN1864S|305440|0,IN1864S,0,2018-05-24,1,305440,1
IN1864S|43454,IN1864S|342752|0.79,IN1864S,0.79,2018-12-20,1,342752,1
IN1864S|43392,IN1864S|329652|1,IN1864S,1,2018-10-19,10,329652,10
IN1864S|43395,IN1864S|330380|1,IN1864S,1,2018-10-22,9,330380,9
IN1864S|43395,IN1864S|330380|1,IN1864S,1,2018-10-22,1,330380,1
IN1864S|43430,IN1864S|337104|1,IN1864S,1,2018-11-26,4,337104,4
IN1864S|43431,IN1864S|337864-B|1,IN1864S,1,2018-11-27,2,337864-B,2
IN1864S|43430,IN1864S|337063|1.43,IN1864S,1.43,2018-11-26,3,337063,3
IN1864S|43430,IN1864S|337150|1.43,IN1864S,1.43,2018-11-26,2,337150,2
IN1864S|43431,IN1864S|337786|1.43,IN1864S,1.43,2018-11-27,1,337786,1
IN1864S|43432,IN1864S|338009|1.43,IN1864S,1.43,2018-11-28,3,338009,3
IN1864S|43272,IN1864S|310818-A|1.65,IN1864S,1.65,2018-06-21,5,310818-A,5
IN1864S|43268,IN1864S|310062|2.2,IN1864S,2.2,2018-06-17,3,310062,3
IN1864S|43269,IN1864S|310120|2.2,IN1864S,2.2,2018-06-18,5,310120,5
IN1864S|43252,IN1864S|307840|4,IN1864S,4,2018-06-01,10,307840,10
IN1864S|43253,IN1864S|307890|4,IN1864S,4,2018-06-02,5,307890,5
IN1864S|43255,IN1864S|308178|4,IN1864S,4,2018-06-04,5,308178,5
IN1864S|43257,IN1864S|308516|4,IN1864S,4,2018-06-06,5,308516,5
IN1864S|43242,IN1864S|304949|7.99,IN1864S,7.99,2018-05-22,1,304949,1
IN1864S-G|43272,IN1864S-G|310818-A|1.58,IN1864S-G,1.58,2018-06-21,5,310818-A,5
IN1864S-G|43460,IN1864S-G|343387|1.74,IN1864S-G,1.74,2018-12-26,1,343387,1
IN1864S-G|43268,IN1864S-G|310062|2.11,IN1864S-G,2.11,2018-06-17,1,310062,1
IN1864S-G|43269,IN1864S-G|310120|2.11,IN1864S-G,2.11,2018-06-18,1,310120,1
IN1864S-G|43430,IN1864S-G|337104|2.43,IN1864S-G,2.43,2018-11-26,1,337104,1
IN1864S-G|43431,IN1864S-G|337864-B|2.43,IN1864S-G,2.43,2018-11-27,1,337864-B,1
IN1864S-G|43252,IN1864S-G|307840|4,IN1864S-G,4,2018-06-01,8,307840,8
IN1864S-G|43253,IN1864S-G|307890|4,IN1864S-G,4,2018-06-02,2,307890,2
IN1864S-G|43255,IN1864S-G|308178|4,IN1864S-G,4,2018-06-04,5,308178,5
IN1865S|43454,IN1865S|342752|0.79,IN1865S,0.79,2018-12-20,1,342752,1
IN1865S|43430,IN1865S|337104|1,IN1865S,1,2018-11-26,4,337104,4
IN1865S|43431,IN1865S|337864-B|1,IN1865S,1,2018-11-27,2,337864-B,2
IN1865S|43430,IN1865S|337063|1.43,IN1865S,1.43,2018-11-26,3,337063,3
IN1865S|43430,IN1865S|337150|1.43,IN1865S,1.43,2018-11-26,2,337150,2
IN1865S|43431,IN1865S|337786|1.43,IN1865S,1.43,2018-11-27,1,337786,1
IN1865S|43432,IN1865S|338009|1.43,IN1865S,1.43,2018-11-28,3,338009,3
IN1865S|43178,IN1865S|289713|3.15,IN1865S,3.15,2018-03-19,10,289713,10
IN1865S|43252,IN1865S|307840|4,IN1865S,4,2018-06-01,8,307840,8
IN1865S|43253,IN1865S|307890|4,IN1865S,4,2018-06-02,1,307890,1
IN1865S-G|43190,IN1865S-G|292589C|0,IN1865S-G,0,2018-03-31,1,292589C,1
IN1865S-G|43252,IN1865S-G|307840|4,IN1865S-G,4,2018-06-01,5,307840,5
IN1865S-G|43253,IN1865S-G|307890|4,IN1865S-G,4,2018-06-02,1,307890,1
IN1865S-G|43255,IN1865S-G|308178|4,IN1865S-G,4,2018-06-04,2,308178,2
IN1866S|43190,IN1866S|292589C|0,IN1866S,0,2018-03-31,1,292589C,1
IN1866S|43252,IN1866S|307840|4,IN1866S,4,2018-06-01,5,307840,5
IN1866S|43253,IN1866S|307890|4,IN1866S,4,2018-06-02,5,307890,5
IN1866S|43255,IN1866S|308178|4,IN1866S,4,2018-06-04,2,308178,2
IN1866S|43257,IN1866S|308516|4,IN1866S,4,2018-06-06,2,308516,2
IN1866S|43272,IN1866S|310821|4,IN1866S,4,2018-06-21,2,310821,2
IN1866S-G|43190,IN1866S-G|292589C|0,IN1866S-G,0,2018-03-31,1,292589C,1
IN1866S-G|43272,IN1866S-G|310818-A|1.58,IN1866S-G,1.58,2018-06-21,5,310818-A,5
IN1866S-G|43268,IN1866S-G|310062|2.11,IN1866S-G,2.11,2018-06-17,1,310062,1
IN1866S-G|43269,IN1866S-G|310120|2.11,IN1866S-G,2.11,2018-06-18,1,310120,1
IN1866S-G|43252,IN1866S-G|307840|4,IN1866S-G,4,2018-06-01,5,307840,5
IN1866S-G|43253,IN1866S-G|307890|4,IN1866S-G,4,2018-06-02,2,307890,2
IN1866S-G|43255,IN1866S-G|308178|4,IN1866S-G,4,2018-06-04,2,308178,2
IN1867S|43190,IN1867S|292589C|0,IN1867S,0,2018-03-31,1,292589C,1
IN1867S|43392,IN1867S|329652|1,IN1867S,1,2018-10-19,10,329652,10
IN1867S|43395,IN1867S|330380|1,IN1867S,1,2018-10-22,10,330380,10
IN1867S|43252,IN1867S|307840|4,IN1867S,4,2018-06-01,8,307840,8
IN1867S|43253,IN1867S|307890|4,IN1867S,4,2018-06-02,4,307890,4
IN1867S|43255,IN1867S|308178|4,IN1867S,4,2018-06-04,3,308178,3
IN1867S|43272,IN1867S|310821|4,IN1867S,4,2018-06-21,1,310821,1
IN1867S-G|43190,IN1867S-G|292589C|0,IN1867S-G,0,2018-03-31,1,292589C,1
IN1867S-G|43252,IN1867S-G|307840|4,IN1867S-G,4,2018-06-01,5,307840,5
IN1867S-G|43253,IN1867S-G|307890|4,IN1867S-G,4,2018-06-02,4,307890,4
IN1867S-G|43255,IN1867S-G|308178|4,IN1867S-G,4,2018-06-04,2,308178,2
IN1868S|43190,IN1868S|292589C|0,IN1868S,0,2018-03-31,2,292589C,2
IN1868S|43252,IN1868S|307840|4,IN1868S,4,2018-06-01,10,307840,10
IN1868S|43253,IN1868S|307890|4,IN1868S,4,2018-06-02,5,307890,5
IN1868S|43255,IN1868S|308178|4,IN1868S,4,2018-06-04,5,308178,5
IN1868S|43257,IN1868S|308516|4,IN1868S,4,2018-06-06,5,308516,5
IN1868S|43272,IN1868S|310821|4,IN1868S,4,2018-06-21,2,310821,2
IN1868S|43242,IN1868S|304949|7.99,IN1868S,7.99,2018-05-22,1,304949,1
IN1868S|43244,IN1868S|305440|7.99,IN1868S,7.99,2018-05-24,1,305440,1
IN1868S-G|43190,IN1868S-G|292589C|0,IN1868S-G,0,2018-03-31,2,292589C,2
IN1868S-G|43252,IN1868S-G|307840|4,IN1868S-G,4,2018-06-01,5,307840,5
IN1868S-G|43253,IN1868S-G|307890|4,IN1868S-G,4,2018-06-02,3,307890,3
IN1868S-G|43255,IN1868S-G|308178|4,IN1868S-G,4,2018-06-04,5,308178,5
IN1869S|43431,IN1869S|337864-B|0.78,IN1869S,0.78,2018-11-27,1,337864-B,1
IN1869S|43454,IN1869S|342752|0.88,IN1869S,0.88,2018-12-20,1,342752,1
IN1869S|43427,IN1869S|336482|1.11,IN1869S,1.11,2018-11-23,1,336482,1
IN1869S|43428,IN1869S|336677|1.11,IN1869S,1.11,2018-11-24,1,336677,1
IN1869S|43432,IN1869S|338009|1.11,IN1869S,1.11,2018-11-28,1,338009,1
IN1869S|43460,IN1869S|343387|1.11,IN1869S,1.11,2018-12-26,1,343387,1
IN1869S|43526,IN1869S|354319|1.11,IN1869S,1.11,2019-03-02,3,354319,3
IN1869S|43252,IN1869S|307840|4,IN1869S,4,2018-06-01,8,307840,8
IN1869S|43253,IN1869S|307890|4,IN1869S,4,2018-06-02,2,307890,2
IN1869S|43255,IN1869S|308178|4,IN1869S,4,2018-06-04,2,308178,2
IN1869S|43272,IN1869S|310821|4,IN1869S,4,2018-06-21,1,310821,1
IN1869S-G|43190,IN1869S-G|292589C|0,IN1869S-G,0,2018-03-31,1,292589C,1
IN1869S-G|43252,IN1869S-G|307840|4,IN1869S-G,4,2018-06-01,5,307840,5
IN1869S-G|43253,IN1869S-G|307890|4,IN1869S-G,4,2018-06-02,1,307890,1
IN1869S-G|43255,IN1869S-G|308178|4,IN1869S-G,4,2018-06-04,2,308178,2
IN1870S|43190,IN1870S|292589C|0,IN1870S,0,2018-03-31,1,292589C,1
IN1870S|43454,IN1870S|342752|1.41,IN1870S,1.41,2018-12-20,1,342752,1
IN1870S|43272,IN1870S|310818-A|1.65,IN1870S,1.65,2018-06-21,5,310818-A,5
IN1870S|43430,IN1870S|337104|1.78,IN1870S,1.78,2018-11-26,2,337104,2
IN1870S|43431,IN1870S|337864-B|1.78,IN1870S,1.78,2018-11-27,2,337864-B,2
IN1870S|43268,IN1870S|310062|2.2,IN1870S,2.2,2018-06-17,3,310062,3
IN1870S|43269,IN1870S|310120|2.2,IN1870S,2.2,2018-06-18,5,310120,5
IN1870S|43430,IN1870S|337063|2.55,IN1870S,2.55,2018-11-26,2,337063,2
IN1870S|43430,IN1870S|337150|2.55,IN1870S,2.55,2018-11-26,1,337150,1
IN1870S|43430,IN1870S|337150|2.55,IN1870S,2.55,2018-11-26,1,337150,1
IN1870S|43431,IN1870S|337786|2.55,IN1870S,2.55,2018-11-27,1,337786,1
IN1870S|43432,IN1870S|338009|2.55,IN1870S,2.55,2018-11-28,2,338009,2
IN1870S|43460,IN1870S|343387|2.55,IN1870S,2.55,2018-12-26,1,343387,1
IN1870S|43526,IN1870S|354319|2.55,IN1870S,2.55,2019-03-02,5,354319,5
IN1870S|43252,IN1870S|307840|4,IN1870S,4,2018-06-01,3,307840,3
IN1870S|43252,IN1870S|307840|4,IN1870S,4,2018-06-01,5,307840,5
IN1870S|43253,IN1870S|307890|4,IN1870S,4,2018-06-02,4,307890,4
IN1870S|43255,IN1870S|308178|4,IN1870S,4,2018-06-04,2,308178,2
IN1870S-G|43190,IN1870S-G|292589C|0,IN1870S-G,0,2018-03-31,1,292589C,1
IN1870S-G|43252,IN1870S-G|307840|4,IN1870S-G,4,2018-06-01,5,307840,5
IN1870S-G|43253,IN1870S-G|307890|4,IN1870S-G,4,2018-06-02,4,307890,4
IN1870S-G|43255,IN1870S-G|308178|4,IN1870S-G,4,2018-06-04,2,308178,2
IN1870S-G|43272,IN1870S-G|310821|4,IN1870S-G,4,2018-06-21,2,310821,2
IN1871S|43454,IN1871S|342752|0.79,IN1871S,0.79,2018-12-20,1,342752,1
IN1871S|43430,IN1871S|337104|1,IN1871S,1,2018-11-26,4,337104,4
IN1871S|43431,IN1871S|337864-B|1,IN1871S,1,2018-11-27,2,337864-B,2
IN1871S|43430,IN1871S|337063|1.43,IN1871S,1.43,2018-11-26,3,337063,3
IN1871S|43430,IN1871S|337150|1.43,IN1871S,1.43,2018-11-26,2,337150,2
IN1871S|43431,IN1871S|337786|1.43,IN1871S,1.43,2018-11-27,1,337786,1
IN1871S|43432,IN1871S|338009|1.43,IN1871S,1.43,2018-11-28,3,338009,3
IN1871S|43252,IN1871S|307840|4,IN1871S,4,2018-06-01,8,307840,8
IN1871S|43253,IN1871S|307890|4,IN1871S,4,2018-06-02,1,307890,1
IN1871S-G|43190,IN1871S-G|292589C|0,IN1871S-G,0,2018-03-31,1,292589C,1
IN1871S-G|43245,IN1871S-G|305769|0,IN1871S-G,0,2018-05-25,5,305769,5
IN1871S-G|43245,IN1871S-G|305769|2,IN1871S-G,2,2018-05-25,20,305769,20
IN1872S|43190,IN1872S|292589C|0,IN1872S,0,2018-03-31,1,292589C,1
IN1872S|43392,IN1872S|329652|1,IN1872S,1,2018-10-19,10,329652,10
IN1872S|43395,IN1872S|330380|1,IN1872S,1,2018-10-22,10,330380,10
IN1872S|43252,IN1872S|307840|4,IN1872S,4,2018-06-01,10,307840,10
IN1872S|43253,IN1872S|307890|4,IN1872S,4,2018-06-02,1,307890,1
IN1872S|43255,IN1872S|308178|4,IN1872S,4,2018-06-04,2,308178,2
IN1872S|43257,IN1872S|308516|4,IN1872S,4,2018-06-06,5,308516,5
IN1872S|43272,IN1872S|310821|4,IN1872S,4,2018-06-21,1,310821,1
IN1872S-G|43190,IN1872S-G|292589C|0,IN1872S-G,0,2018-03-31,1,292589C,1
IN1872S-G|43252,IN1872S-G|307840|4,IN1872S-G,4,2018-06-01,8,307840,8
IN1872S-G|43253,IN1872S-G|307890|4,IN1872S-G,4,2018-06-02,1,307890,1
IN1872S-G|43255,IN1872S-G|308178|4,IN1872S-G,4,2018-06-04,2,308178,2
IN1873S|43190,IN1873S|292589D|0,IN1873S,0,2018-03-31,1,292589D,1
IN1873S|43454,IN1873S|342752|0.52,IN1873S,0.52,2018-12-20,1,342752,1
IN1873S|43430,IN1873S|337104|0.65,IN1873S,0.65,2018-11-26,2,337104,2
IN1873S|43431,IN1873S|337864-B|0.65,IN1873S,0.65,2018-11-27,2,337864-B,2
IN1873S|43430,IN1873S|337063|0.93,IN1873S,0.93,2018-11-26,2,337063,2
IN1873S|43430,IN1873S|337150|0.93,IN1873S,0.93,2018-11-26,1,337150,1
IN1873S|43430,IN1873S|337150|0.93,IN1873S,0.93,2018-11-26,1,337150,1
IN1873S|43431,IN1873S|337786|0.93,IN1873S,0.93,2018-11-27,1,337786,1
IN1873S|43432,IN1873S|338009|0.93,IN1873S,0.93,2018-11-28,2,338009,2
IN1873S|43460,IN1873S|343387|0.93,IN1873S,0.93,2018-12-26,1,343387,1
IN1873S|43526,IN1873S|354319|0.93,IN1873S,0.93,2019-03-02,5,354319,5
IN1873S|43252,IN1873S|307840|4,IN1873S,4,2018-06-01,8,307840,8
IN1873S|43255,IN1873S|308178|4,IN1873S,4,2018-06-04,2,308178,2
IN1873S-G|43190,IN1873S-G|292589D|0,IN1873S-G,0,2018-03-31,1,292589D,1
IN1873S-G|43460,IN1873S-G|343387|0.64,IN1873S-G,0.64,2018-12-26,1,343387,1
IN1873S-G|43430,IN1873S-G|337104|0.89,IN1873S-G,0.89,2018-11-26,1,337104,1
IN1873S-G|43431,IN1873S-G|337864-B|0.89,IN1873S-G,0.89,2018-11-27,1,337864-B,1
IN1873S-G|43252,IN1873S-G|307840|4,IN1873S-G,4,2018-06-01,5,307840,5
IN1873S-G|43253,IN1873S-G|307890|4,IN1873S-G,4,2018-06-02,1,307890,1
IN1873S-G|43255,IN1873S-G|308178|4,IN1873S-G,4,2018-06-04,2,308178,2
IN1874S|43190,IN1874S|292589D|0,IN1874S,0,2018-03-31,1,292589D,1
IN1874S|43252,IN1874S|307840|4,IN1874S,4,2018-06-01,8,307840,8
IN1874S|43253,IN1874S|307890|4,IN1874S,4,2018-06-02,1,307890,1
IN1874S|43255,IN1874S|308178|4,IN1874S,4,2018-06-04,2,308178,2
IN1874S|43244,IN1874S|305440|7.99,IN1874S,7.99,2018-05-24,3,305440,3
IN1874S-G|43190,IN1874S-G|292589D|0,IN1874S-G,0,2018-03-31,1,292589D,1
IN1874S-G|43460,IN1874S-G|343387|0.64,IN1874S-G,0.64,2018-12-26,1,343387,1
IN1874S-G|43430,IN1874S-G|337104|0.89,IN1874S-G,0.89,2018-11-26,1,337104,1
IN1874S-G|43431,IN1874S-G|337864-B|0.89,IN1874S-G,0.89,2018-11-27,1,337864-B,1
IN1874S-G|43252,IN1874S-G|307840|4,IN1874S-G,4,2018-06-01,6,307840,6
IN1874S-G|43253,IN1874S-G|307890|4,IN1874S-G,4,2018-06-02,1,307890,1
IN1874S-G|43255,IN1874S-G|308178|4,IN1874S-G,4,2018-06-04,2,308178,2
IN1875S|43190,IN1875S|292589D|0,IN1875S,0,2018-03-31,1,292589D,1
IN1875S|43454,IN1875S|342752|0.52,IN1875S,0.52,2018-12-20,1,342752,1
IN1875S|43430,IN1875S|337104|0.65,IN1875S,0.65,2018-11-26,2,337104,2
IN1875S|43431,IN1875S|337864-B|0.65,IN1875S,0.65,2018-11-27,2,337864-B,2
IN1875S|43430,IN1875S|337063|0.93,IN1875S,0.93,2018-11-26,2,337063,2
IN1875S|43430,IN1875S|337150|0.93,IN1875S,0.93,2018-11-26,1,337150,1
IN1875S|43430,IN1875S|337150|0.93,IN1875S,0.93,2018-11-26,1,337150,1
IN1875S|43431,IN1875S|337786|0.93,IN1875S,0.93,2018-11-27,1,337786,1
IN1875S|43432,IN1875S|338009|0.93,IN1875S,0.93,2018-11-28,2,338009,2
IN1875S|43460,IN1875S|343387|0.93,IN1875S,0.93,2018-12-26,1,343387,1
IN1875S|43526,IN1875S|354319|0.93,IN1875S,0.93,2019-03-02,5,354319,5
IN1875S|43252,IN1875S|307840|4,IN1875S,4,2018-06-01,8,307840,8
IN1875S|43253,IN1875S|307890|4,IN1875S,4,2018-06-02,1,307890,1
IN1875S-G|43190,IN1875S-G|292589D|0,IN1875S-G,0,2018-03-31,1,292589D,1
IN1875S-G|43252,IN1875S-G|307840|4,IN1875S-G,4,2018-06-01,5,307840,5
IN1875S-G|43253,IN1875S-G|307890|4,IN1875S-G,4,2018-06-02,1,307890,1
IN1877S|43460,IN1877S|343538-Rest|1.75,IN1877S,1.75,2018-12-26,10,343538-Rest,10
IN1877S|43465,IN1877S|344612|2.5,IN1877S,2.5,2018-12-31,1,344612,1
IN1877S|43148,IN1877S|282954|5.94,IN1877S,5.94,2018-02-17,1,282954,1
IN1878S|43431,IN1878S|337864-A|3.5,IN1878S,3.5,2018-11-27,1,337864-A,1
IN1878S|43148,IN1878S|282954|5.24,IN1878S,5.24,2018-02-17,3,282954,3
IN1878S|43150,IN1878S|283256|5.24,IN1878S,5.24,2018-02-19,2,283256,2
IN1878S|43163,IN1878S|286266-C|5.24,IN1878S,5.24,2018-03-04,1,286266-C,1
IN1878S|43182,IN1878S|290600-B|5.24,IN1878S,5.24,2018-03-23,1,290600-B,1
IN1880S|43199,IN1880S|299092|0,IN1880S,0,2018-04-09,1,299092,1
IN1880S|43431,IN1880S|337864-A|3.5,IN1880S,3.5,2018-11-27,1,337864-A,1
IN1880S|43199,IN1880S|299092|7.99,IN1880S,7.99,2018-04-09,4,299092,4
IN1881S|43460,IN1881S|343387|2.5,IN1881S,2.5,2018-12-26,5,343387,5
IN1883S|43148,IN1883S|282954|5.24,IN1883S,5.24,2018-02-17,2,282954,2
IN1885S|43339,IN1885S|321426|2.5,IN1885S,2.5,2018-08-27,1,321426,1
IN1887S|43182,IN1887S|290600-B|5.24,IN1887S,5.24,2018-03-23,1,290600-B,1
IN1888S|43182,IN1888S|290600-B|5.24,IN1888S,5.24,2018-03-23,3,290600-B,3
IN1896S|43339,IN1896S|321426|5,IN1896S,5,2018-08-27,5,321426,5
IN1897S|43182,IN1897S|290600-B|5.94,IN1897S,5.94,2018-03-23,1,290600-B,1
IN1898S|43148,IN1898S|282954|5.24,IN1898S,5.24,2018-02-17,3,282954,3
IN1899S|43339,IN1899S|321426|2.5,IN1899S,2.5,2018-08-27,2,321426,2
IN1899S|43150,IN1899S|283256|5.94,IN1899S,5.94,2018-02-19,1,283256,1
IN1904S|43430,IN1904S|337104-B|1.75,IN1904S,1.75,2018-11-26,1,337104-B,1
IN1919S|43178,IN1919S|289713|3.5,IN1919S,3.5,2018-03-19,1,289713,1
IN1919S|43182,IN1919S|290600-B|3.5,IN1919S,3.5,2018-03-23,6,290600-B,6
IN1929S|43151,IN1929S|JD20180220|2.43,IN1929S,2.43,2018-02-20,1,JD20180220,1
IN1937S|43146,IN1937S|282441|3.5,IN1937S,3.5,2018-02-15,3,282441,3
IN1938S|43146,IN1938S|282441|3.5,IN1938S,3.5,2018-02-15,4,282441,4
IN1939S|43339,IN1939S|321426|2.5,IN1939S,2.5,2018-08-27,2,321426,2
IN1939S|43146,IN1939S|282441|3.5,IN1939S,3.5,2018-02-15,6,282441,6
IN1940S|43163,IN1940S|286266-C|3.5,IN1940S,3.5,2018-03-04,1,286266-C,1
IN1942S|43431,IN1942S|337864-A|3.5,IN1942S,3.5,2018-11-27,1,337864-A,1
IN1942S|43148,IN1942S|282954|5.24,IN1942S,5.24,2018-02-17,3,282954,3
IN1942S|43150,IN1942S|283256|5.24,IN1942S,5.24,2018-02-19,2,283256,2
IN1942S|43182,IN1942S|290600-B|5.24,IN1942S,5.24,2018-03-23,1,290600-B,1
IN1943S|43339,IN1943S|321426|5,IN1943S,5,2018-08-27,3,321426,3
IN1947S|43178,IN1947S|289713|3.5,IN1947S,3.5,2018-03-19,10,289713,10
IN1947S|43182,IN1947S|290600-B|3.5,IN1947S,3.5,2018-03-23,3,290600-B,3
IN1948S|43182,IN1948S|290600-B|3.5,IN1948S,3.5,2018-03-23,3,290600-B,3
IN1949S|43182,IN1949S|290600-B|3.5,IN1949S,3.5,2018-03-23,2,290600-B,2
IN1959S|43190,IN1959S|292582|5.24,IN1959S,5.24,2018-03-31,2,292582,2
IN1960S|43431,IN1960S|337864-A|1.75,IN1960S,1.75,2018-11-27,5,337864-A,5
IN1960S|43146,IN1960S|282441|3.5,IN1960S,3.5,2018-02-15,4,282441,4
IN1960S|43115,IN1960S|276456|5.24,IN1960S,5.24,2018-01-15,6,276456,6
IN1961S|43412,IN1961S|333177|2.5,IN1961S,2.5,2018-11-08,1,333177,1
IN1961S|43460,IN1961S|343387|2.5,IN1961S,2.5,2018-12-26,5,343387,5
IN1962S|43339,IN1962S|321426|2.5,IN1962S,2.5,2018-08-27,2,321426,2
IN1970S|43431,IN1970S|337864-A|1.75,IN1970S,1.75,2018-11-27,5,337864-A,5
IN1970S|43420,IN1970S|334640|2.5,IN1970S,2.5,2018-11-16,4,334640,4
IN1970S|43146,IN1970S|282441|3.5,IN1970S,3.5,2018-02-15,4,282441,4
IN1971S|43431,IN1971S|337864-B|1.75,IN1971S,1.75,2018-11-27,4,337864-B,4
IN1972S|43431,IN1972S|337864-A|1.75,IN1972S,1.75,2018-11-27,4,337864-A,4
IN1972S|43420,IN1972S|334640|2.5,IN1972S,2.5,2018-11-16,2,334640,2
IN1972S|43446,IN1972S|341236|2.5,IN1972S,2.5,2018-12-12,1,341236,1
IN1972S|43146,IN1972S|282441|3.5,IN1972S,3.5,2018-02-15,4,282441,4
IN1973S|43430,IN1973S|337104|1.75,IN1973S,1.75,2018-11-26,5,337104,5
IN1973S|43431,IN1973S|337864-A|1.75,IN1973S,1.75,2018-11-27,4,337864-A,4
IN1973S|43420,IN1973S|334640|2.5,IN1973S,2.5,2018-11-16,1,334640,1
IN1973S|43446,IN1973S|341236|2.5,IN1973S,2.5,2018-12-12,1,341236,1
IN1986S|43446,IN1986S|341236|2.5,IN1986S,2.5,2018-12-12,3,341236,3
IN1988S|43146,IN1988S|282442|5.94,IN1988S,5.94,2018-02-15,4,282442,4
IN1989S|43146,IN1989S|282442|5.94,IN1989S,5.94,2018-02-15,4,282442,4
IN1993S|43460,IN1993S|343538-Rest|1.75,IN1993S,1.75,2018-12-26,10,343538-Rest,10
IN1993S|43465,IN1993S|344612|2.5,IN1993S,2.5,2018-12-31,2,344612,2
IN1995S|43339,IN1995S|321426|5,IN1995S,5,2018-08-27,2,321426,2
IN1996S|43178,IN1996S|289713|3.5,IN1996S,3.5,2018-03-19,1,289713,1
IN1998S|43446,IN1998S|341236|2.5,IN1998S,2.5,2018-12-12,2,341236,2
IN2003S|43412,IN2003S|333177|5,IN2003S,5,2018-11-08,1,333177,1
IN2004S|43339,IN2004S|321426|5,IN2004S,5,2018-08-27,2,321426,2
IN2005S|43339,IN2005S|321426|5,IN2005S,5,2018-08-27,2,321426,2
IN2006S|43343,IN2006S|322045|5,IN2006S,5,2018-08-31,2,322045,2
IN2007S|43339,IN2007S|321426|5,IN2007S,5,2018-08-27,1,321426,1
IN2008S|43339,IN2008S|321426|5,IN2008S,5,2018-08-27,1,321426,1
IN2010S|43343,IN2010S|322045|5,IN2010S,5,2018-08-31,1,322045,1
IN2011S|43431,IN2011S|337864-B|1.56,IN2011S,1.56,2018-11-27,1,337864-B,1
IN2011S|43454,IN2011S|342752|1.76,IN2011S,1.76,2018-12-20,1,342752,1
IN2011S|43427,IN2011S|336482|2.22,IN2011S,2.22,2018-11-23,1,336482,1
IN2011S|43428,IN2011S|336677|2.22,IN2011S,2.22,2018-11-24,1,336677,1
IN2011S|43432,IN2011S|338009|2.22,IN2011S,2.22,2018-11-28,1,338009,1
IN2011S|43460,IN2011S|343387|2.22,IN2011S,2.22,2018-12-26,1,343387,1
IN2011S|43526,IN2011S|354319|2.22,IN2011S,2.22,2019-03-02,3,354319,3
IN2011S|43148,IN2011S|282954|6.74,IN2011S,6.74,2018-02-17,1,282954,1
IN2011S-G|43430,IN2011S-G|337104-B|1.75,IN2011S-G,1.75,2018-11-26,1,337104-B,1
IN2012S|43430,IN2012S|337104-B|1.75,IN2012S,1.75,2018-11-26,1,337104-B,1
IN2012S|43431,IN2012S|337864-B|1.75,IN2012S,1.75,2018-11-27,2,337864-B,2
IN2012S|43160,IN2012S|285687-C|4.5,IN2012S,4.5,2018-03-01,1,285687-C,1
IN2012S|43163,IN2012S|286266-C|4.5,IN2012S,4.5,2018-03-04,2,286266-C,2
IN2012S|43182,IN2012S|290600-C|4.5,IN2012S,4.5,2018-03-23,2,290600-C,2
IN2012S|43190,IN2012S|292582|4.5,IN2012S,4.5,2018-03-31,1,292582,1
IN2012S-G|43160,IN2012S-G|285687-C|4.5,IN2012S-G,4.5,2018-03-01,1,285687-C,1
IN2012S-G|43190,IN2012S-G|292582|4.5,IN2012S-G,4.5,2018-03-31,2,292582,2
IN2013S|43339,IN2013S|321426|5,IN2013S,5,2018-08-27,1,321426,1
IN2015S|43343,IN2015S|322048|5,IN2015S,5,2018-08-31,5,322048,5
IN2015S|43343,IN2015S|322045|5,IN2015S,5,2018-08-31,1,322045,1
IN2015S|43371,IN2015S|326432|5,IN2015S,5,2018-09-28,4,326432,4
IN2019S|43160,IN2019S|285687-C|1.75,IN2019S,1.75,2018-03-01,2,285687-C,2
IN2019S|43163,IN2019S|286266-C|1.75,IN2019S,1.75,2018-03-04,2,286266-C,2
IN2019S|43182,IN2019S|290600-B|1.75,IN2019S,1.75,2018-03-23,4,290600-B,4
IN2019S-G|43160,IN2019S-G|285687-C|1.75,IN2019S-G,1.75,2018-03-01,1,285687-C,1
IN2019S-G|43163,IN2019S-G|286266-C|1.75,IN2019S-G,1.75,2018-03-04,2,286266-C,2
IN2019S-G|43182,IN2019S-G|290600-B|1.75,IN2019S-G,1.75,2018-03-23,4,290600-B,4
IN2026S|43190,IN2026S|292589A|0,IN2026S,0,2018-03-31,2,292589A,2
IN2034S|43431,IN2034S|337864-A|1.75,IN2034S,1.75,2018-11-27,2,337864-A,2
IN2034S-G|43431,IN2034S-G|337864-A|1.75,IN2034S-G,1.75,2018-11-27,2,337864-A,2
IN2035S|43431,IN2035S|337864-A|1.75,IN2035S,1.75,2018-11-27,2,337864-A,2
IN2035S-G|43431,IN2035S-G|337864-A|1.75,IN2035S-G,1.75,2018-11-27,2,337864-A,2
IN2036S|43431,IN2036S|337864-A|1.75,IN2036S,1.75,2018-11-27,5,337864-A,5
IN2036S-G|43431,IN2036S-G|337864-A|1.75,IN2036S-G,1.75,2018-11-27,5,337864-A,5
IN2039S|43431,IN2039S|337864-A|1.75,IN2039S,1.75,2018-11-27,2,337864-A,2
IN2039S-G|43431,IN2039S-G|337864-A|1.75,IN2039S-G,1.75,2018-11-27,2,337864-A,2
IN2040S|43431,IN2040S|337864-A|1.75,IN2040S,1.75,2018-11-27,5,337864-A,5
IN2040S|43446,IN2040S|341236|2.5,IN2040S,2.5,2018-12-12,2,341236,2
IN2041S-G|43163,IN2041S-G|286266-C|1.75,IN2041S-G,1.75,2018-03-04,2,286266-C,2
IN2041S-G|43178,IN2041S-G|289713|1.75,IN2041S-G,1.75,2018-03-19,4,289713,4
IN2041S-G|43182,IN2041S-G|290600-B|1.75,IN2041S-G,1.75,2018-03-23,5,290600-B,5
IN2042S-G|43163,IN2042S-G|286266-C|1.75,IN2042S-G,1.75,2018-03-04,5,286266-C,5
IN2042S-G|43178,IN2042S-G|289713|1.75,IN2042S-G,1.75,2018-03-19,10,289713,10
IN2042S-G|43182,IN2042S-G|290600-B|1.75,IN2042S-G,1.75,2018-03-23,5,290600-B,5
IN2044S|43365,IN2044S|325137|1.75,IN2044S,1.75,2018-09-22,2,325137,2
IN2046S|43339,IN2046S|321426|2.5,IN2046S,2.5,2018-08-27,4,321426,4
IN2049S-G|43420,IN2049S-G|334640|2.5,IN2049S-G,2.5,2018-11-16,1,334640,1
IN2051S|43431,IN2051S|337864-A|1.75,IN2051S,1.75,2018-11-27,2,337864-A,2
IN2051S|43431,IN2051S|337786|2.5,IN2051S,2.5,2018-11-27,1,337786,1
IN2051S-G|43431,IN2051S-G|337864-A|1.75,IN2051S-G,1.75,2018-11-27,1,337864-A,1
IN2052S|43431,IN2052S|337864-A|1.75,IN2052S,1.75,2018-11-27,1,337864-A,1
IN2052S-G|43431,IN2052S-G|337864-A|1.75,IN2052S-G,1.75,2018-11-27,1,337864-A,1
IN2053S|43431,IN2053S|337864-A|1.75,IN2053S,1.75,2018-11-27,2,337864-A,2
IN2053S|43431,IN2053S|337786|2.5,IN2053S,2.5,2018-11-27,1,337786,1
IN2054S|43431,IN2054S|337864-A|1.75,IN2054S,1.75,2018-11-27,2,337864-A,2
IN2055S|43431,IN2055S|337864-A|1.75,IN2055S,1.75,2018-11-27,2,337864-A,2
IN2055S-G|43431,IN2055S-G|337864-A|1.75,IN2055S-G,1.75,2018-11-27,2,337864-A,2
IN2055S-G|43420,IN2055S-G|334640|2.5,IN2055S-G,2.5,2018-11-16,3,334640,4
IN2057S|43431,IN2057S|337864-A|1.75,IN2057S,1.75,2018-11-27,4,337864-A,4
IN2057S|43339,IN2057S|321426|2.5,IN2057S,2.5,2018-08-27,1,321426,1
IN2057S|43412,IN2057S|333177|2.5,IN2057S,2.5,2018-11-08,1,333177,1
IN2057S-G|43431,IN2057S-G|337864-A|1.75,IN2057S-G,1.75,2018-11-27,4,337864-A,4
IN2057S-G|43446,IN2057S-G|341236|2.5,IN2057S-G,2.5,2018-12-12,5,341236,5
IN2058S|43430,IN2058S|337104|1.75,IN2058S,1.75,2018-11-26,5,337104,5
IN2058S|43431,IN2058S|337864-A|1.75,IN2058S,1.75,2018-11-27,4,337864-A,4
IN2058S|43363,IN2058S|324804|2.5,IN2058S,2.5,2018-09-20,2,324804,2
IN2058S|43431,IN2058S|337786|2.5,IN2058S,2.5,2018-11-27,1,337786,1
IN2058S-G|43431,IN2058S-G|337864-A|1.75,IN2058S-G,1.75,2018-11-27,4,337864-A,4
IN2058S-G|43431,IN2058S-G|337786|2.5,IN2058S-G,2.5,2018-11-27,1,337786,1
IN2059S|43190,IN2059S|292589A|0,IN2059S,0,2018-03-31,2,292589A,2
IN2059S|43272,IN2059S|310818-B|0,IN2059S,0,2018-06-21,2,310818-B,2
IN2059S|43272,IN2059S|310818-B|3.49,IN2059S,3.49,2018-06-21,3,310818-B,3
IN2061S|43190,IN2061S|292571|0,IN2061S,0,2018-03-31,1,292571,1
IN2062S|43242,IN2062S|304948|4.95,IN2062S,4.95,2018-05-22,1,304948,1
IN2062S|43240,IN2062S|304479|5.58,IN2062S,5.58,2018-05-20,2,304479,2
IN2062S-G|43339,IN2062S-G|321426|5,IN2062S-G,5,2018-08-27,1,321426,1
IN2064S|43268,IN2064S|310062|4.63,IN2064S,4.63,2018-06-17,1,310062,1
IN2072S|43365,IN2072S|325137|1.75,IN2072S,1.75,2018-09-22,2,325137,2
IN2072S|43339,IN2072S|321426|2.5,IN2072S,2.5,2018-08-27,4,321426,4
IN2073S|43190,IN2073S|292589A|0,IN2073S,0,2018-03-31,4,292589A,4
IN2073S|43190,IN2073S|292571|2.84,IN2073S,2.84,2018-03-31,1,292571,1
IN2074S|43431,IN2074S|337864-A|1.75,IN2074S,1.75,2018-11-27,2,337864-A,2
IN2075S|43190,IN2075S|292589A|0,IN2075S,0,2018-03-31,1,292589A,1
IN2075S|43190,IN2075S|292571|0,IN2075S,0,2018-03-31,1,292571,1
IN3001|43190,IN3001|292589A|0,IN3001,0,2018-03-31,1,292589A,1
IN3001|43272,IN3001|310818-A|0,IN3001,0,2018-06-21,5,310818-A,5
IN3001|43268,IN3001|310060-A|3.49,IN3001,3.49,2018-06-17,3,310060-A,3
IN3004|43268,IN3004|310060-A|3.49,IN3004,3.49,2018-06-17,2,310060-A,2
IN3005|43268,IN3005|310060-A|0,IN3005,0,2018-06-17,1,310060-A,1
IN3007|43272,IN3007|310818-A|0,IN3007,0,2018-06-21,2,310818-A,2
IN3007|43268,IN3007|310060-A|3.49,IN3007,3.49,2018-06-17,2,310060-A,2
IN3008|43190,IN3008|292589A|0,IN3008,0,2018-03-31,1,292589A,1
IN3008|43199,IN3008|299092|0,IN3008,0,2018-04-09,1,299092,1
IN3008|43268,IN3008|310060-A|3.49,IN3008,3.49,2018-06-17,5,310060-A,5
IN3008|43199,IN3008|299092|9.99,IN3008,9.99,2018-04-09,4,299092,4
IN3013|43272,IN3013|310818-A|0,IN3013,0,2018-06-21,1,310818-A,1
IN3013|43522,IN3013|352283|0,IN3013,0,2019-02-26,1,352283,1
IN3013-G|43272,IN3013-G|310818-A|0,IN3013-G,0,2018-06-21,1,310818-A,1
IN3013-G|43268,IN3013-G|310060-A|3.49,IN3013-G,3.49,2018-06-17,1,310060-A,1
IN3015|43446,IN3015|341236|2.5,IN3015,2.5,2018-12-12,2,341236,2
IN3019|43268,IN3019|310060-A|3.49,IN3019,3.49,2018-06-17,1,310060-A,1
IN3021|43272,IN3021|310818-A|0,IN3021,0,2018-06-21,1,310818-A,1
IN3021|43268,IN3021|310060-A|3.49,IN3021,3.49,2018-06-17,2,310060-A,2
IN3021-G|43272,IN3021-G|310818-A|0,IN3021-G,0,2018-06-21,1,310818-A,1
IN3021-G|43268,IN3021-G|310060-A|3.49,IN3021-G,3.49,2018-06-17,1,310060-A,1
IN3022|43268,IN3022|310060-A|3.49,IN3022,3.49,2018-06-17,1,310060-A,1
IN3022|43272,IN3022|310818-A|3.49,IN3022,3.49,2018-06-21,1,310818-A,1
IN3025|43526,IN3025|354319|4.5,IN3025,4.5,2019-03-02,1,354319,1
IN3026|43268,IN3026|310060-A|3.49,IN3026,3.49,2018-06-17,2,310060-A,2
IN3026|43272,IN3026|310818-A|3.49,IN3026,3.49,2018-06-21,1,310818-A,1
IN3027|43268,IN3027|310060-A|3.49,IN3027,3.49,2018-06-17,1,310060-A,1
IN3028|43268,IN3028|310060-A|3.49,IN3028,3.49,2018-06-17,1,310060-A,1
IN3029|43268,IN3029|310060-A|3.49,IN3029,3.49,2018-06-17,1,310060-A,1
IN3030|43268,IN3030|310060-A|3.49,IN3030,3.49,2018-06-17,1,310060-A,1
IN3031|43268,IN3031|310060-A|0,IN3031,0,2018-06-17,1,310060-A,1
IN3031|43272,IN3031|310818-A|3.49,IN3031,3.49,2018-06-21,1,310818-A,1
IN3032|43268,IN3032|310060-A|3.49,IN3032,3.49,2018-06-17,1,310060-A,1
IN3033|43268,IN3033|310060-A|0,IN3033,0,2018-06-17,1,310060-A,1
IN3037|43268,IN3037|310060-A|0,IN3037,0,2018-06-17,1,310060-A,1
IN3041|43268,IN3041|310060-A|0,IN3041,0,2018-06-17,1,310060-A,1
IN3042|43268,IN3042|310060-A|3.49,IN3042,3.49,2018-06-17,1,310060-A,1
IN3042|43272,IN3042|310818-A|3.49,IN3042,3.49,2018-06-21,1,310818-A,1
IN3042-G|43268,IN3042-G|310060-B|0,IN3042-G,0,2018-06-17,1,310060-B,1
IN3042-G|43272,IN3042-G|310818-A|3.49,IN3042-G,3.49,2018-06-21,1,310818-A,1
IN3044|43446,IN3044|341236|2.5,IN3044,2.5,2018-12-12,1,341236,1
IN3048|43365,IN3048|325137|1.75,IN3048,1.75,2018-09-22,1,325137,1
IN3048-G|43365,IN3048-G|325137|1.75,IN3048-G,1.75,2018-09-22,1,325137,1
IN3050|43365,IN3050|325137|1.75,IN3050,1.75,2018-09-22,1,325137,1
IN3050|43339,IN3050|321426|2.5,IN3050,2.5,2018-08-27,2,321426,2
IN3053|43365,IN3053|325137|1.75,IN3053,1.75,2018-09-22,2,325137,2
IN3053|43339,IN3053|321426|2.5,IN3053,2.5,2018-08-27,2,321426,2
IN3053|43355,IN3053|323573|2.5,IN3053,2.5,2018-09-12,1,323573,1
IN3053|43371,IN3053|326432|2.5,IN3053,2.5,2018-09-28,1,326432,1
IN3053-G|43365,IN3053-G|325137|1.75,IN3053-G,1.75,2018-09-22,2,325137,2
IN3053-G|43355,IN3053-G|323573|2.5,IN3053-G,2.5,2018-09-12,4,323573,4
IN3054|43363,IN3054|324804|2.5,IN3054,2.5,2018-09-20,1,324804,1
IN3055-G|43363,IN3055-G|324804|2.5,IN3055-G,2.5,2018-09-20,1,324804,1
IN3060|43190,IN3060|292589A|0,IN3060,0,2018-03-31,1,292589A,1
IN3060-G|43363,IN3060-G|324804|2.5,IN3060-G,2.5,2018-09-20,1,324804,1
IN3062|43363,IN3062|324804|2.5,IN3062,2.5,2018-09-20,1,324804,1
IN3062-G|43363,IN3062-G|324804|2.5,IN3062-G,2.5,2018-09-20,1,324804,1
IN3063|43257,IN3063|308516|0,IN3063,0,2018-06-06,1,308516,1
IN3063|43268,IN3063|310060-B|3.49,IN3063,3.49,2018-06-17,5,310060-B,5
IN3063|43272,IN3063|310818-A|3.49,IN3063,3.49,2018-06-21,6,310818-A,6
IN3064|43272,IN3064|310821|4.99,IN3064,4.99,2018-06-21,1,310821,1
IN3065|43268,IN3065|310060-B|0,IN3065,0,2018-06-17,1,310060-B,1
IN3066|43268,IN3066|310060-B|3.49,IN3066,3.49,2018-06-17,1,310060-B,1
IN3067|43252,IN3067|307840|4.99,IN3067,4.99,2018-06-01,1,307840,1
IN3067|43253,IN3067|307890|4.99,IN3067,4.99,2018-06-02,1,307890,1
IN3067|43272,IN3067|310821|4.99,IN3067,4.99,2018-06-21,1,310821,1
IN3067-G|43253,IN3067-G|307890|4.99,IN3067-G,4.99,2018-06-02,1,307890,1
IN3068|43272,IN3068|310821|4.99,IN3068,4.99,2018-06-21,1,310821,1
IN3069|43253,IN3069|307890|4.99,IN3069,4.99,2018-06-02,1,307890,1
IN3069|43267,IN3069|309695|4.99,IN3069,4.99,2018-06-16,1,309695,1
IN3069|43268,IN3069|310062|4.99,IN3069,4.99,2018-06-17,3,310062,3
IN3070|43268,IN3070|310060-B|3.49,IN3070,3.49,2018-06-17,1,310060-B,1
IN3071|43268,IN3071|310060-B|0,IN3071,0,2018-06-17,1,310060-B,1
IN3074|43272,IN3074|310821|4.99,IN3074,4.99,2018-06-21,1,310821,1
IN3075|43252,IN3075|307840|4.99,IN3075,4.99,2018-06-01,1,307840,1
IN3075|43253,IN3075|307890|4.99,IN3075,4.99,2018-06-02,1,307890,1
IN3075|43268,IN3075|310062|4.99,IN3075,4.99,2018-06-17,1,310062,1
IN3076|43365,IN3076|325137|1.75,IN3076,1.75,2018-09-22,2,325137,2
IN3077|43268,IN3077|310060-B|3.49,IN3077,3.49,2018-06-17,1,310060-B,1
IN3077|43272,IN3077|310818-A|3.49,IN3077,3.49,2018-06-21,1,310818-A,1
IN3078|43272,IN3078|310818-B|3.49,IN3078,3.49,2018-06-21,1,310818-B,1
IN3080|43190,IN3080|292589A|0,IN3080,0,2018-03-31,1,292589A,1
IN3080|43268,IN3080|310060-B|3.49,IN3080,3.49,2018-06-17,2,310060-B,2
IN3080|43272,IN3080|310818-B|3.49,IN3080,3.49,2018-06-21,3,310818-B,3
IN3081|43268,IN3081|310060-B|3.49,IN3081,3.49,2018-06-17,1,310060-B,1
IN3081|43272,IN3081|310818-B|3.49,IN3081,3.49,2018-06-21,1,310818-B,1
IN3082|43268,IN3082|310060-B|3.49,IN3082,3.49,2018-06-17,1,310060-B,1
IN3082|43272,IN3082|310818-B|3.49,IN3082,3.49,2018-06-21,1,310818-B,1
IN3083|43268,IN3083|310060-B|3.49,IN3083,3.49,2018-06-17,1,310060-B,1
IN3083|43272,IN3083|310818-B|3.49,IN3083,3.49,2018-06-21,1,310818-B,1
IN4000|43430,IN4000|337104-B|1.17,IN4000,1.17,2018-11-26,3,337104-B,3
IN4000|43431,IN4000|337864-B|1.17,IN4000,1.17,2018-11-27,1,337864-B,1
IN4000|43268,IN4000|310060-B|3,IN4000,3,2018-06-17,3,310060-B,3
IN4000|43272,IN4000|310818-C|3,IN4000,3,2018-06-21,3,310818-C,3
IN4000|43460,IN4000|343387|3.33,IN4000,3.33,2018-12-26,1,343387,1
IN4000|43267,IN4000|309695|5,IN4000,5,2018-06-16,1,309695,1
IN4000|43268,IN4000|310062|5,IN4000,5,2018-06-17,1,310062,1
IN4000|43269,IN4000|310120|5,IN4000,5,2018-06-18,2,310120,2
IN4000|43272,IN4000|310821|5,IN4000,5,2018-06-21,2,310821,2
IN4001|43268,IN4001|310060-B|3,IN4001,3,2018-06-17,5,310060-B,5
IN4001|43272,IN4001|310818-C|3,IN4001,3,2018-06-21,6,310818-C,6
IN4001|43267,IN4001|309695|5,IN4001,5,2018-06-16,2,309695,2
IN4001|43268,IN4001|310062|5,IN4001,5,2018-06-17,1,310062,1
IN4001|43269,IN4001|310120|5,IN4001,5,2018-06-18,2,310120,2
IN4001|43272,IN4001|310821|5,IN4001,5,2018-06-21,5,310821,5
IN4002|43392,IN4002|329652|2.5,IN4002,2.5,2018-10-19,4,329652,4
IN4002|43395,IN4002|330380|2.5,IN4002,2.5,2018-10-22,1,330380,1
IN4002|43268,IN4002|310060-C|3,IN4002,3,2018-06-17,3,310060-C,3
IN4002|43272,IN4002|310818-C|3,IN4002,3,2018-06-21,3,310818-C,3
IN4002|43267,IN4002|309695|5,IN4002,5,2018-06-16,1,309695,1
IN4002|43268,IN4002|310062|5,IN4002,5,2018-06-17,1,310062,1
IN4002|43269,IN4002|310120|5,IN4002,5,2018-06-18,2,310120,2
IN4002|43272,IN4002|310821|5,IN4002,5,2018-06-21,1,310821,1
IN4003|43430,IN4003|337104-B|1.4,IN4003,1.4,2018-11-26,1,337104-B,1
IN4003|43431,IN4003|337864-B|1.4,IN4003,1.4,2018-11-27,1,337864-B,1
IN4003|43454,IN4003|342752|1.58,IN4003,1.58,2018-12-20,1,342752,1
IN4003|43427,IN4003|336482|2,IN4003,2,2018-11-23,1,336482,1
IN4003|43428,IN4003|336677|2,IN4003,2,2018-11-24,3,336677,3
IN4003|43431,IN4003|337786|2,IN4003,2,2018-11-27,1,337786,1
IN4003|43432,IN4003|338009|2,IN4003,2,2018-11-28,1,338009,1
IN4003|43460,IN4003|343387|2,IN4003,2,2018-12-26,1,343387,1
IN4003|43465,IN4003|344612|2,IN4003,2,2018-12-31,1,344612,1
IN4003|43268,IN4003|310060-C|3,IN4003,3,2018-06-17,3,310060-C,3
IN4003|43272,IN4003|310818-C|3,IN4003,3,2018-06-21,2,310818-C,2
IN4003|43267,IN4003|309695|5,IN4003,5,2018-06-16,1,309695,1
IN4003|43268,IN4003|310062|5,IN4003,5,2018-06-17,1,310062,1
IN4003|43269,IN4003|310120|5,IN4003,5,2018-06-18,2,310120,2
IN4003|43272,IN4003|310821|5,IN4003,5,2018-06-21,1,310821,1
IN4003-G|43267,IN4003-G|309695|0,IN4003-G,0,2018-06-16,1,309695,1
IN4003-G|43460,IN4003-G|343387|1.27,IN4003-G,1.27,2018-12-26,1,343387,1
IN4003-G|43460,IN4003-G|343387|1.43,IN4003-G,1.43,2018-12-26,1,343387,1
IN4003-G|43430,IN4003-G|337104|1.78,IN4003-G,1.78,2018-11-26,1,337104,1
IN4003-G|43431,IN4003-G|337864-B|1.78,IN4003-G,1.78,2018-11-27,1,337864-B,1
IN4003-G|43427,IN4003-G|336482|2.14,IN4003-G,2.14,2018-11-23,1,336482,1
IN4003-G|43428,IN4003-G|336677|2.14,IN4003-G,2.14,2018-11-24,1,336677,1
IN4003-G|43268,IN4003-G|310060-C|3,IN4003-G,3,2018-06-17,2,310060-C,2
IN4003-G|43272,IN4003-G|310818-C|3,IN4003-G,3,2018-06-21,2,310818-C,2
IN4003-G|43268,IN4003-G|310062|5,IN4003-G,5,2018-06-17,1,310062,1
IN4003-G|43272,IN4003-G|310821|5,IN4003-G,5,2018-06-21,5,310821,5
IN4004|43460,IN4004|343387|1.67,IN4004,1.67,2018-12-26,1,343387,1
IN4004|43430,IN4004|337104|1.75,IN4004,1.75,2018-11-26,1,337104,1
IN4004|43431,IN4004|337864-B|1.75,IN4004,1.75,2018-11-27,2,337864-B,2
IN4004|43425,IN4004|335666|2.5,IN4004,2.5,2018-11-21,7,335666,7
IN4004|43425,IN4004|335664|2.5,IN4004,2.5,2018-11-21,5,335664,5
IN4004|43425,IN4004|335662|2.5,IN4004,2.5,2018-11-21,2,335662,2
IN4004|43427,IN4004|336482|2.5,IN4004,2.5,2018-11-23,2,336482,2
IN4004|43428,IN4004|336677|2.5,IN4004,2.5,2018-11-24,2,336677,2
IN4004|43429,IN4004|336811|2.5,IN4004,2.5,2018-11-25,1,336811,1
IN4004|43431,IN4004|337786|2.5,IN4004,2.5,2018-11-27,2,337786,2
IN4004|43432,IN4004|338009|2.5,IN4004,2.5,2018-11-28,2,338009,2
IN4004|43268,IN4004|310060-C|3,IN4004,3,2018-06-17,3,310060-C,3
IN4004|43272,IN4004|310818-C|3,IN4004,3,2018-06-21,5,310818-C,5
IN4004|43267,IN4004|309695|5,IN4004,5,2018-06-16,1,309695,1
IN4004|43268,IN4004|310062|5,IN4004,5,2018-06-17,1,310062,1
IN4004|43269,IN4004|310120|5,IN4004,5,2018-06-18,2,310120,2
IN4004|43272,IN4004|310821|5,IN4004,5,2018-06-21,5,310821,5
IN4005|43268,IN4005|310060-C|3,IN4005,3,2018-06-17,3,310060-C,3
IN4005|43272,IN4005|310818-C|3,IN4005,3,2018-06-21,5,310818-C,5
IN4005|43267,IN4005|309695|5,IN4005,5,2018-06-16,1,309695,1
IN4005|43268,IN4005|310062|5,IN4005,5,2018-06-17,1,310062,1
IN4005|43269,IN4005|310120|5,IN4005,5,2018-06-18,2,310120,2
IN4005|43272,IN4005|310821|5,IN4005,5,2018-06-21,1,310821,1
IN4006|43460,IN4006|343387|1.67,IN4006,1.67,2018-12-26,1,343387,1
IN4006|43430,IN4006|337104|1.75,IN4006,1.75,2018-11-26,1,337104,1
IN4006|43431,IN4006|337864-B|1.75,IN4006,1.75,2018-11-27,2,337864-B,2
IN4006|43425,IN4006|335666|2.5,IN4006,2.5,2018-11-21,7,335666,7
IN4006|43425,IN4006|335664|2.5,IN4006,2.5,2018-11-21,5,335664,5
IN4006|43425,IN4006|335662|2.5,IN4006,2.5,2018-11-21,2,335662,2
IN4006|43427,IN4006|336482|2.5,IN4006,2.5,2018-11-23,2,336482,2
IN4006|43428,IN4006|336677|2.5,IN4006,2.5,2018-11-24,2,336677,2
IN4006|43429,IN4006|336811|2.5,IN4006,2.5,2018-11-25,1,336811,1
IN4006|43431,IN4006|337786|2.5,IN4006,2.5,2018-11-27,2,337786,2
IN4006|43432,IN4006|338009|2.5,IN4006,2.5,2018-11-28,2,338009,2
IN4006|43268,IN4006|310060-C|3,IN4006,3,2018-06-17,3,310060-C,3
IN4006|43272,IN4006|310818-C|3,IN4006,3,2018-06-21,5,310818-C,5
IN4006|43267,IN4006|309695|5,IN4006,5,2018-06-16,1,309695,1
IN4006|43268,IN4006|310062|5,IN4006,5,2018-06-17,1,310062,1
IN4006|43269,IN4006|310120|5,IN4006,5,2018-06-18,2,310120,2
IN4006|43272,IN4006|310821|5,IN4006,5,2018-06-21,1,310821,1
IN4007|43430,IN4007|337104-B|1.17,IN4007,1.17,2018-11-26,10,337104-B,10
IN4007|43430,IN4007|337141|1.67,IN4007,1.67,2018-11-26,5,337141,5
IN4007|43430,IN4007|337150|1.67,IN4007,1.67,2018-11-26,5,337150,5
IN4007|43268,IN4007|310060-C|3,IN4007,3,2018-06-17,3,310060-C,3
IN4007|43272,IN4007|310818-C|3,IN4007,3,2018-06-21,5,310818-C,5
IN4007|43268,IN4007|310062|5,IN4007,5,2018-06-17,1,310062,1
IN4007|43269,IN4007|310120|5,IN4007,5,2018-06-18,2,310120,2
IN4007|43272,IN4007|310821|5,IN4007,5,2018-06-21,5,310821,5
IN4008|43460,IN4008|343387|1.67,IN4008,1.67,2018-12-26,1,343387,1
IN4008|43526,IN4008|354319|1.67,IN4008,1.67,2019-03-02,1,354319,1
IN4008|43431,IN4008|337864-B|1.75,IN4008,1.75,2018-11-27,1,337864-B,1
IN4008|43427,IN4008|336482|2.5,IN4008,2.5,2018-11-23,1,336482,1
IN4008|43432,IN4008|338009|2.5,IN4008,2.5,2018-11-28,1,338009,1
IN4008|43268,IN4008|310060-C|3,IN4008,3,2018-06-17,3,310060-C,3
IN4008|43272,IN4008|310818-C|3,IN4008,3,2018-06-21,3,310818-C,3
IN4008|43268,IN4008|310062|5,IN4008,5,2018-06-17,1,310062,1
IN4008|43269,IN4008|310120|5,IN4008,5,2018-06-18,2,310120,2
IN4008|43272,IN4008|310821|5,IN4008,5,2018-06-21,1,310821,1
IN4009|43460,IN4009|343387|1.52,IN4009,1.52,2018-12-26,1,343387,1
IN4009|43454,IN4009|342752|2.95,IN4009,2.95,2018-12-20,1,342752,1
IN4009|43268,IN4009|310060-C|3,IN4009,3,2018-06-17,3,310060-C,3
IN4009|43272,IN4009|310818-C|3,IN4009,3,2018-06-21,3,310818-C,3
IN4009|43267,IN4009|309695|5,IN4009,5,2018-06-16,1,309695,1
IN4009|43268,IN4009|310062|5,IN4009,5,2018-06-17,1,310062,1
IN4009|43269,IN4009|310120|5,IN4009,5,2018-06-18,2,310120,2
IN4009|43272,IN4009|310821|5,IN4009,5,2018-06-21,5,310821,5
IN4010|43392,IN4010|329652|2.5,IN4010,2.5,2018-10-19,4,329652,4
IN4010|43395,IN4010|330380|2.5,IN4010,2.5,2018-10-22,1,330380,1
IN4010|43268,IN4010|310060-C|3,IN4010,3,2018-06-17,3,310060-C,3
IN4010|43272,IN4010|310818-C|3,IN4010,3,2018-06-21,3,310818-C,3
IN4010|43267,IN4010|309695|5,IN4010,5,2018-06-16,1,309695,1
IN4010|43268,IN4010|310062|5,IN4010,5,2018-06-17,1,310062,1
IN4010|43269,IN4010|310120|5,IN4010,5,2018-06-18,2,310120,2
IN4010|43272,IN4010|310821|5,IN4010,5,2018-06-21,1,310821,1
IN4011|43267,IN4011|309695|0,IN4011,0,2018-06-16,1,309695,1
IN4011|43460,IN4011|343387|1.67,IN4011,1.67,2018-12-26,1,343387,1
IN4011|43526,IN4011|354319|1.67,IN4011,1.67,2019-03-02,1,354319,1
IN4011|43431,IN4011|337864-B|1.75,IN4011,1.75,2018-11-27,1,337864-B,1
IN4011|43427,IN4011|336482|2.5,IN4011,2.5,2018-11-23,1,336482,1
IN4011|43432,IN4011|338009|2.5,IN4011,2.5,2018-11-28,1,338009,1
IN4011|43268,IN4011|310060-C|3,IN4011,3,2018-06-17,3,310060-C,3
IN4011|43272,IN4011|310818-C|3,IN4011,3,2018-06-21,1,310818-C,1
IN4011|43272,IN4011|310818-C|3,IN4011,3,2018-06-21,2,310818-C,2
IN4011|43268,IN4011|310062|5,IN4011,5,2018-06-17,1,310062,1
IN4011|43269,IN4011|310120|5,IN4011,5,2018-06-18,2,310120,2
IN4011|43272,IN4011|310821|5,IN4011,5,2018-06-21,1,310821,1
IN4011|43135,IN4011|280382|12.99,IN4011,12.99,2018-02-04,1,280382,1
IN4012|43365,IN4012|325137|3.75,IN4012,3.75,2018-09-22,10,325137,10
IN4012|43363,IN4012|324804|5,IN4012,5,2018-09-20,10,324804,10
IN4012|43364,IN4012|324936|5,IN4012,5,2018-09-21,1,324936,1
IN4012|43364,IN4012|324936|5,IN4012,5,2018-09-21,1,324936,1
IN4012|43371,IN4012|326432|5,IN4012,5,2018-09-28,9,326432,9
IN4012|43371,IN4012|326432|5,IN4012,5,2018-09-28,1,326432,1
IN4012|43257,IN4012|308516|9.99,IN4012,9.99,2018-06-06,1,308516,1
IN4016|43444,IN4016|340712|4,IN4016,4,2018-12-10,3,340712,3
IN4016|43446,IN4016|341236|4,IN4016,4,2018-12-12,4,341236,4
IN4018|43451,IN4018|342400|0,IN4018,0,2018-12-17,1,342400,1
IN4018|43430,IN4018|337104-B|3.5,IN4018,3.5,2018-11-26,1,337104-B,1
IN4018|43431,IN4018|337864-B|3.5,IN4018,3.5,2018-11-27,2,337864-B,2
IN4018-G|43242,IN4018-G|304949|2,IN4018-G,2,2018-05-22,5,304949,5
IN4018-G|43242,IN4018-G|304948|2.05,IN4018-G,2.05,2018-05-22,11,304948,11
IN4018-G|43430,IN4018-G|337104-B|3.5,IN4018-G,3.5,2018-11-26,1,337104-B,1
IN4019|43430,IN4019|337104-B|3.5,IN4019,3.5,2018-11-26,1,337104-B,1
IN4019|43431,IN4019|337864-B|3.5,IN4019,3.5,2018-11-27,2,337864-B,2
IN4019-G|43430,IN4019-G|337104-B|3.5,IN4019-G,3.5,2018-11-26,1,337104-B,1
IN4020|43257,IN4020|308516|9.99,IN4020,9.99,2018-06-06,1,308516,1
IN5030|43268,IN5030|310060-C|5.99,IN5030,5.99,2018-06-17,2,310060-C,2
IN5030|43101,IN5030|273824|7.79,IN5030,7.79,2018-01-01,1,273824,1
IN5030|43526,IN5030|354319|9,IN5030,9,2019-03-02,1,354319,1
IN5030|43371,IN5030|326432|10,IN5030,10,2018-09-28,1,326432,1
IN5031|43444,IN5031|340712|4,IN5031,4,2018-12-10,3,340712,3
IN5031|43446,IN5031|341236|4,IN5031,4,2018-12-12,4,341236,4
IN5031|43526,IN5031|354319|9,IN5031,9,2019-03-02,1,354319,1
IN5077S|43272,IN5077S|310818-A|1.43,IN5077S,1.43,2018-06-21,5,310818-A,5
IN5077S|43268,IN5077S|310062|1.9,IN5077S,1.9,2018-06-17,5,310062,5
IN5077S|43269,IN5077S|310120|1.9,IN5077S,1.9,2018-06-18,5,310120,5
IN5077S|43430,IN5077S|337104|2.5,IN5077S,2.5,2018-11-26,2,337104,2
IN5077S|43431,IN5077S|337864-B|2.5,IN5077S,2.5,2018-11-27,2,337864-B,2
IN5077S|43412,IN5077S|333177|3.33,IN5077S,3.33,2018-11-08,3,333177,3
IN5077S|43422,IN5077S|334881|3.33,IN5077S,3.33,2018-11-18,3,334881,3
IN5077S|43423,IN5077S|335295|3.33,IN5077S,3.33,2018-11-19,2,335295,2
IN5077S|43427,IN5077S|336482|3.33,IN5077S,3.33,2018-11-23,1,336482,1
IN5077S|43429,IN5077S|336811|3.33,IN5077S,3.33,2018-11-25,1,336811,1
IN5077S|43431,IN5077S|337786|3.33,IN5077S,3.33,2018-11-27,1,337786,1
IN9996|43236,IN9996|303393|1,IN9996,1,2018-05-16,22,303393,22
IN9996|43276,IN9996|HT20180516|1.5,IN9996,1.5,2018-06-25,1,HT20180516,1
IN9997|43231,IN9997|302260|1,IN9997,1,2018-05-11,19,302260,19
IN9997|43233,IN9997|302625|1,IN9997,1,2018-05-13,20,302625,20
IN9997|43234,IN9997|303008|1,IN9997,1,2018-05-14,20,303008,20
IN9997|43235,IN9997|303272|1,IN9997,1,2018-05-15,20,303272,20
IN9997|43237,IN9997|303809|1,IN9997,1,2018-05-17,20,303809,20
IN9997|43238,IN9997|304162|1,IN9997,1,2018-05-18,20,304162,20
IN9997|43238,IN9997|303928|1,IN9997,1,2018-05-18,20,303928,20
IN9997|43238,IN9997|303933|1,IN9997,1,2018-05-18,20,303933,20
IN9997|43240,IN9997|304479|1,IN9997,1,2018-05-20,20,304479,20
IN9997|43242,IN9997|304948|1,IN9997,1,2018-05-22,10,304948,10
IN9997|43242,IN9997|304949|1,IN9997,1,2018-05-22,10,304949,10
IN9997|43339,IN9997|321376|1,IN9997,1,2018-08-27,10,321376,10
IN9997|43343,IN9997|322045|1,IN9997,1,2018-08-31,5,322045,5
IN9997|43343,IN9997|322050|1,IN9997,1,2018-08-31,5,322050,5
IN9997|43355,IN9997|323573|1,IN9997,1,2018-09-12,10,323573,10
IN9997|43363,IN9997|324804|1,IN9997,1,2018-09-20,20,324804,20
IN9997|43371,IN9997|326432|1,IN9997,1,2018-09-28,20,326432,20
IN9997|43384,IN9997|328332|1,IN9997,1,2018-10-11,5,328332,5
IN9997|43392,IN9997|329652|1,IN9997,1,2018-10-19,10,329652,10
IN9997|43395,IN9997|330380|1,IN9997,1,2018-10-22,10,330380,10
IN9998|43190,IN9998|KS20180331|1,IN9998,1,2018-03-31,24,KS20180331,24
IN9998|43236,IN9998|303393|1,IN9998,1,2018-05-16,20,303393,20
IN9998|43246,IN9998|306000|1,IN9998,1,2018-05-26,10,306000,10
IN9998|43248,IN9998|306179|1,IN9998,1,2018-05-28,10,306179,10
IN9998|43249,IN9998|307160|1,IN9998,1,2018-05-29,10,307160,10
IN9998|43249,IN9998|307115|1,IN9998,1,2018-05-29,20,307115,20
IN9998|43249,IN9998|306454|1,IN9998,1,2018-05-29,10,306454,10
IN9998|43376,IN9998|TT20181003|1,IN9998,1,2018-10-03,10,TT20181003,10
IN9998|43236,IN9998|HT20180516|1.5,IN9998,1.5,2018-05-16,5,HT20180516,5
IN9998|43225,IN9998|RB20180505|3.7,IN9998,3.7,2018-05-05,2,RB20180505,2
INC1011|43272,INC1011|310818-B|3.49,INC1011,3.49,2018-06-21,2,310818-B,2
INC1012|43272,INC1012|310818-B|3.49,INC1012,3.49,2018-06-21,5,310818-B,5
INC1027|43272,INC1027|310818-B|3.49,INC1027,3.49,2018-06-21,1,310818-B,1
INC1030|43268,INC1030|310060-B|3.49,INC1030,3.49,2018-06-17,2,310060-B,2
INC1030|43272,INC1030|310818-B|3.49,INC1030,3.49,2018-06-21,1,310818-B,1
INC1040|43268,INC1040|310060-B|3.49,INC1040,3.49,2018-06-17,1,310060-B,1
INC1041|43268,INC1041|310060-B|3.49,INC1041,3.49,2018-06-17,2,310060-B,2
INC1041|43272,INC1041|310818-B|3.49,INC1041,3.49,2018-06-21,1,310818-B,1
INC1043|43268,INC1043|310060-B|3.49,INC1043,3.49,2018-06-17,2,310060-B,2
INC1043|43272,INC1043|310818-B|3.49,INC1043,3.49,2018-06-21,1,310818-B,1
INC1044|43268,INC1044|310060-B|3.49,INC1044,3.49,2018-06-17,1,310060-B,1
INC1045|43268,INC1045|310060-B|3.49,INC1045,3.49,2018-06-17,1,310060-B,1
INC1045|43272,INC1045|310818-B|3.49,INC1045,3.49,2018-06-21,1,310818-B,1
INC1045|43272,INC1045|310818-B|3.49,INC1045,3.49,2018-06-21,1,310818-B,1
INC1046|43268,INC1046|310060-B|0,INC1046,0,2018-06-17,1,310060-B,1
INC1047|43268,INC1047|310060-B|3.49,INC1047,3.49,2018-06-17,2,310060-B,2
INC1047|43272,INC1047|310818-B|3.49,INC1047,3.49,2018-06-21,1,310818-B,1
INC1049|43268,INC1049|310060-B|3.49,INC1049,3.49,2018-06-17,1,310060-B,1
INC1049|43272,INC1049|310818-B|3.49,INC1049,3.49,2018-06-21,1,310818-B,1
INC1050|43268,INC1050|310060-B|0,INC1050,0,2018-06-17,1,310060-B,1
INC1050|43272,INC1050|310818-B|3.49,INC1050,3.49,2018-06-21,1,310818-B,1
INC1051|43268,INC1051|310060-B|3.49,INC1051,3.49,2018-06-17,1,310060-B,1
INC1052|43268,INC1052|310060-B|3.49,INC1052,3.49,2018-06-17,1,310060-B,1
INC1052|43272,INC1052|310818-B|3.49,INC1052,3.49,2018-06-21,1,310818-B,1
INC1053|43272,INC1053|310818-B|3.49,INC1053,3.49,2018-06-21,2,310818-B,2
INC1054|43268,INC1054|310060-B|0,INC1054,0,2018-06-17,1,310060-B,1
INC1054|43268,INC1054|310060-B|3.49,INC1054,3.49,2018-06-17,1,310060-B,1
INC1054|43272,INC1054|310818-B|3.49,INC1054,3.49,2018-06-21,2,310818-B,2
INC1056|43268,INC1056|310060-B|0,INC1056,0,2018-06-17,2,310060-B,2
INC1056|43272,INC1056|310818-B|3.49,INC1056,3.49,2018-06-21,1,310818-B,1
INC1057|43272,INC1057|310818-B|3.49,INC1057,3.49,2018-06-21,1,310818-B,1
INC1058|43268,INC1058|310060-B|3.49,INC1058,3.49,2018-06-17,2,310060-B,2
INC1058|43272,INC1058|310818-B|3.49,INC1058,3.49,2018-06-21,1,310818-B,1
INC1059|43268,INC1059|310060-B|3.49,INC1059,3.49,2018-06-17,2,310060-B,2
INC1059|43272,INC1059|310818-B|3.49,INC1059,3.49,2018-06-21,2,310818-B,2
INC1060|43268,INC1060|310060-B|3.49,INC1060,3.49,2018-06-17,1,310060-B,1
INC1061|43272,INC1061|310818-B|3.49,INC1061,3.49,2018-06-21,1,310818-B,1
INC1066|43268,INC1066|310060-B|0,INC1066,0,2018-06-17,5,310060-B,5
INC1066|43272,INC1066|310818-B|3.49,INC1066,3.49,2018-06-21,2,310818-B,2
INC1158|43522,INC1158|352283|0,INC1158,0,2019-02-26,1,352283,1
INC6009|43339,INC6009|321426|10,INC6009,10,2018-08-27,1,321426,1
INC6009|43429,INC6009|336811|10,INC6009,10,2018-11-25,1,336811,1
INC6025-S|43343,INC6025-S|322045|7.5,INC6025-S,7.5,2018-08-31,2,322045,2
INC6025-S|43343,INC6025-S|322050|7.5,INC6025-S,7.5,2018-08-31,2,322050,2
INCAB1|43365,INCAB1|325137|3.5,INCAB1,3.5,2018-09-22,2,325137,2
INCAB1|43363,INCAB1|324804|5,INCAB1,5,2018-09-20,1,324804,1
INCAB1|43364,INCAB1|324937|5,INCAB1,5,2018-09-21,5,324937,5
INCCH2|43427,INCCH2|336482|0,INCCH2,0,2018-11-23,1,336482,1
INCCH2|43428,INCCH2|336677|0,INCCH2,0,2018-11-24,2,336677,2
INCCH3|43429,INCCH3|336811-B|0,INCCH3,0,2018-11-25,1,336811-B,1
INCJS9|43268,INCJS9|310060-B|5.99,INCJS9,5.99,2018-06-17,1,310060-B,1
INCJS9|43267,INCJS9|309695|9.99,INCJS9,9.99,2018-06-16,1,309695,1
INCMC1|43431,INCMC1|337864-A|3.5,INCMC1,3.5,2018-11-27,1,337864-A,1
INCMC1-G|43431,INCMC1-G|337864-A|3.5,INCMC1-G,3.5,2018-11-27,1,337864-A,1
INCSF10|43460,INCSF10|343538-Rest|1.75,INCSF10,1.75,2018-12-26,10,343538-Rest,10
INCSF11|43460,INCSF11|343538-Rest|1.75,INCSF11,1.75,2018-12-26,15,343538-Rest,15
INCSF11|43465,INCSF11|344612|2.5,INCSF11,2.5,2018-12-31,4,344612,4
INCSF15|43465,INCSF15|344612|2.5,INCSF15,2.5,2018-12-31,1,344612,1
INCSF16|43460,INCSF16|343538-Rest|1.75,INCSF16,1.75,2018-12-26,10,343538-Rest,10
INCSF18|43460,INCSF18|343538-Rest|1.75,INCSF18,1.75,2018-12-26,5,343538-Rest,5
INCSF9|43460,INCSF9|343538-Rest|1.75,INCSF9,1.75,2018-12-26,10,343538-Rest,10
INCSF9|43465,INCSF9|344612|2.5,INCSF9,2.5,2018-12-31,1,344612,1
INM1012|43272,INM1012|310818-B|3.49,INM1012,3.49,2018-06-21,2,310818-B,2
INM1032|43431,INM1032|337864-A|3.5,INM1032,3.5,2018-11-27,4,337864-A,4
INM1045|43220,INM1045|299520|7.99,INM1045,7.99,2018-04-30,1,299520,1
INM1054-G|43526,INM1054-G|354319|4.5,INM1054-G,4.5,2019-03-02,2,354319,2
INM1057-G|43526,INM1057-G|354319|4.5,INM1057-G,4.5,2019-03-02,1,354319,1
INM1064|43339,INM1064|321426|5,INM1064,5,2018-08-27,1,321426,1
INM1066|43272,INM1066|310818-B|3.49,INM1066,3.49,2018-06-21,1,310818-B,1
INM1158|43522,INM1158|352283|0,INM1158,0,2019-02-26,3,352283,3
INM1158|43339,INM1158|321426|5,INM1158,5,2018-08-27,1,321426,1
INM6000|43220,INM6000|299520|0,INM6000,0,2018-04-30,1,299520,1
INM6000|43339,INM6000|321426|5,INM6000,5,2018-08-27,1,321426,1
INM6000|43431,INM6000|337786|5,INM6000,5,2018-11-27,1,337786,1
INM6001|43272,INM6001|310818-C|4.79,INM6001,4.79,2018-06-21,1,310818-C,1
INM6001|43339,INM6001|321426|5,INM6001,5,2018-08-27,2,321426,2
INM6001|43363,INM6001|324804|5,INM6001,5,2018-09-20,1,324804,1
INM6001|43220,INM6001|299520|7.99,INM6001,7.99,2018-04-30,1,299520,1
INM6003|43220,INM6003|299520|7.99,INM6003,7.99,2018-04-30,1,299520,1
INM6004|43446,INM6004|341236|5,INM6004,5,2018-12-12,4,341236,4
INM6005|43339,INM6005|321426|5,INM6005,5,2018-08-27,1,321426,1
INM6005|43220,INM6005|299520|7.99,INM6005,7.99,2018-04-30,1,299520,1
INM6007|43431,INM6007|337864-B|3.5,INM6007,3.5,2018-11-27,1,337864-B,1
INM6008|43431,INM6008|337864-B|3.5,INM6008,3.5,2018-11-27,1,337864-B,1
INM6009|43431,INM6009|337786|5,INM6009,5,2018-11-27,1,337786,1
INM6009|43446,INM6009|341236|5,INM6009,5,2018-12-12,1,341236,1
INM6010|43431,INM6010|337864-B|3.5,INM6010,3.5,2018-11-27,1,337864-B,1
INM6010|43339,INM6010|321426|5,INM6010,5,2018-08-27,1,321426,1
INM6012|43339,INM6012|321426|5,INM6012,5,2018-08-27,1,321426,1
INM6013|43339,INM6013|321426|5,INM6013,5,2018-08-27,1,321426,1
INMJS7-G|43526,INMJS7-G|354319|4.5,INMJS7-G,4.5,2019-03-02,1,354319,1
INMMC1|43431,INMMC1|337864-A|3.5,INMMC1,3.5,2018-11-27,1,337864-A,1
INMMC1-G|43431,INMMC1-G|337864-A|3.5,INMMC1-G,3.5,2018-11-27,2,337864-A,2
INMSF10|43460,INMSF10|343538-Rest|1.75,INMSF10,1.75,2018-12-26,10,343538-Rest,10
INMSF11|43460,INMSF11|343538-Rest|1.75,INMSF11,1.75,2018-12-26,10,343538-Rest,10
INMSF11|43465,INMSF11|344612|2.5,INMSF11,2.5,2018-12-31,4,344612,4
INMSF12|43460,INMSF12|343538-Rest|1.75,INMSF12,1.75,2018-12-26,10,343538-Rest,10
INMSF12|43465,INMSF12|344612|2.5,INMSF12,2.5,2018-12-31,4,344612,4
INMSF13|43460,INMSF13|343538-Rest|1.75,INMSF13,1.75,2018-12-26,5,343538-Rest,5
INMSF15|43460,INMSF15|343538-Rest|1.75,INMSF15,1.75,2018-12-26,15,343538-Rest,15
INMSF15|43465,INMSF15|344612|2.5,INMSF15,2.5,2018-12-31,1,344612,1
INMSF16|43460,INMSF16|343538-Rest|1.75,INMSF16,1.75,2018-12-26,10,343538-Rest,10
INMSF16|43465,INMSF16|344612|2.5,INMSF16,2.5,2018-12-31,2,344612,2
INMSF17|43430,INMSF17|337141|2,INMSF17,2,2018-11-26,5,337141,5
INMSF17|43430,INMSF17|337150|2,INMSF17,2,2018-11-26,2,337150,2
INMSF18|43460,INMSF18|343538-Rest|1.75,INMSF18,1.75,2018-12-26,5,343538-Rest,5
INMSF5|43339,INMSF5|321426|5,INMSF5,5,2018-08-27,1,321426,1
INMSF6|43339,INMSF6|321426|5,INMSF6,5,2018-08-27,2,321426,2
INMSF7|43406,INMSF7|332103|2.25,INMSF7,2.25,2018-11-02,2,332103,2
INMSF7|43406,INMSF7|332107|2.25,INMSF7,2.25,2018-11-02,2,332107,2
INMSF7|43339,INMSF7|321426|5,INMSF7,5,2018-08-27,1,321426,1
INMSF9|43460,INMSF9|343538-Rest|1.75,INMSF9,1.75,2018-12-26,10,343538-Rest,10
INMSF9|43465,INMSF9|344612|2.5,INMSF9,2.5,2018-12-31,4,344612,4
INS1023|43160,INS1023|285687-B|2,INS1023,2,2018-03-01,1,285687-B,1
INS1023|43160,INS1023|285687-B|2,INS1023,2,2018-03-01,1,285687-B,1
INS1026|43146,INS1026|282441|4,INS1026,4,2018-02-15,5,282441,5
INS1029|43182,INS1029|290600-A|4,INS1029,4,2018-03-23,2,290600-A,2
INS1030|43146,INS1030|282448|5.99,INS1030,5.99,2018-02-15,1,282448,1
INS1038|43163,INS1038|286266-B|5.99,INS1038,5.99,2018-03-04,1,286266-B,1
INS1040|43160,INS1040|285687-B|2,INS1040,2,2018-03-01,1,285687-B,1
INS1042|43160,INS1042|285687-B|2,INS1042,2,2018-03-01,1,285687-B,1
INS1043|43160,INS1043|285687-B|2,INS1043,2,2018-03-01,1,285687-B,1
INS1044|43160,INS1044|285687-B|2,INS1044,2,2018-03-01,1,285687-B,1
INS1045|43160,INS1045|285687-B|2,INS1045,2,2018-03-01,1,285687-B,1
INS1045|43182,INS1045|290600-A|2,INS1045,2,2018-03-23,1,290600-A,1
INS1047|43160,INS1047|285687-B|2,INS1047,2,2018-03-01,1,285687-B,1
INS1053|43115,INS1053|276456|5.99,INS1053,5.99,2018-01-15,2,276456,2
INS1054|43115,INS1054|276456|5.99,INS1054,5.99,2018-01-15,3,276456,3
INS1055|43115,INS1055|276456|5.99,INS1055,5.99,2018-01-15,3,276456,3
INS1057|43160,INS1057|285687-B|2,INS1057,2,2018-03-01,1,285687-B,1
INS1060|43146,INS1060|282444|5.99,INS1060,5.99,2018-02-15,2,282444,2
INS1062|43146,INS1062|282448|6.79,INS1062,6.79,2018-02-15,1,282448,1
INS1063|43146,INS1063|282448|5.99,INS1063,5.99,2018-02-15,1,282448,1
INS1063|43160,INS1063|285687-B|5.99,INS1063,5.99,2018-03-01,3,285687-B,3
INS1064|43146,INS1064|282448|6.79,INS1064,6.79,2018-02-15,1,282448,1
INS1064|43160,INS1064|285687-B|6.79,INS1064,6.79,2018-03-01,2,285687-B,2
INS1072|43148,INS1072|282954|5.99,INS1072,5.99,2018-02-17,1,282954,1
INS1072|43150,INS1072|283256|5.99,INS1072,5.99,2018-02-19,1,283256,1
INS1072|43163,INS1072|286266-B|5.99,INS1072,5.99,2018-03-04,1,286266-B,1
INS1078|43160,INS1078|285687-B|2,INS1078,2,2018-03-01,1,285687-B,1
INS1078|43163,INS1078|286266-B|2,INS1078,2,2018-03-04,6,286266-B,6
INS1078|43178,INS1078|289713|2,INS1078,2,2018-03-19,4,289713,4
INS1091|43146,INS1091|282448|6.79,INS1091,6.79,2018-02-15,1,282448,1
INS1092|43146,INS1092|282448|6.79,INS1092,6.79,2018-02-15,1,282448,1
INS1106|43146,INS1106|282448|6.79,INS1106,6.79,2018-02-15,5,282448,5
INS1107|43146,INS1107|282448|5.99,INS1107,5.99,2018-02-15,5,282448,5
INS1107|43160,INS1107|285687-B|5.99,INS1107,5.99,2018-03-01,5,285687-B,5
INS1140|43160,INS1140|285687-B|2,INS1140,2,2018-03-01,10,285687-B,10
INS1140|43163,INS1140|286266-B|2,INS1140,2,2018-03-04,10,286266-B,10
INS1149|43160,INS1149|285687-B|2,INS1149,2,2018-03-01,1,285687-B,1
INS1149|43163,INS1149|286266-B|2,INS1149,2,2018-03-04,1,286266-B,1
INS1188|43160,INS1188|285687-C|2,INS1188,2,2018-03-01,1,285687-C,1
INS1188|43163,INS1188|286266-B|2,INS1188,2,2018-03-04,1,286266-B,1
INS1209|43160,INS1209|285687-B|5.99,INS1209,5.99,2018-03-01,1,285687-B,1
INS1223|43146,INS1223|282441|4,INS1223,4,2018-02-15,4,282441,4
INS1225|43146,INS1225|282441|4,INS1225,4,2018-02-15,4,282441,4
INS1240|43146,INS1240|282448|5.99,INS1240,5.99,2018-02-15,1,282448,1
INS1249|43148,INS1249|282954|6.79,INS1249,6.79,2018-02-17,1,282954,1
INS1249|43150,INS1249|283256|6.79,INS1249,6.79,2018-02-19,1,283256,1
INS1249|43150,INS1249|283256|6.79,INS1249,6.79,2018-02-19,1,283256,1
INS1250|43160,INS1250|285687-B|6.79,INS1250,6.79,2018-03-01,1,285687-B,1
INS1250|43163,INS1250|286266-B|6.79,INS1250,6.79,2018-03-04,1,286266-B,1
INS1250|43178,INS1250|289713|6.79,INS1250,6.79,2018-03-19,1,289713,1
INS1250|43115,INS1250|276456|7.99,INS1250,7.99,2018-01-15,1,276456,1
INS1253|43163,INS1253|286266-B|4,INS1253,4,2018-03-04,1,286266-B,1
INS1269|43115,INS1269|276456|5.99,INS1269,5.99,2018-01-15,1,276456,1
INS1289|43160,INS1289|285687-A|1,INS1289,1,2018-03-01,1,285687-A,1
INS1299|43163,INS1299|286266-B|2,INS1299,2,2018-03-04,1,286266-B,1
INS1299|43182,INS1299|290600-B|2,INS1299,2,2018-03-23,1,290600-B,1
INS1366|43255,INS1366|DS20180604|2,INS1366,2,2018-06-04,2,DS20180604,2
INS1366|43148,INS1366|282954|5.99,INS1366,5.99,2018-02-17,1,282954,1
INS1366|43150,INS1366|283256|5.99,INS1366,5.99,2018-02-19,1,283256,1
INS1366|43163,INS1366|286266-B|5.99,INS1366,5.99,2018-03-04,1,286266-B,1
INS1367|43146,INS1367|282444|6.79,INS1367,6.79,2018-02-15,5,282444,5
INS1380|43150,INS1380|283256|6.79,INS1380,6.79,2018-02-19,1,283256,1
INS1392|43146,INS1392|282441|4,INS1392,4,2018-02-15,2,282441,2
INS1393|43146,INS1393|282441|4,INS1393,4,2018-02-15,6,282441,6
INS1401|43146,INS1401|282442|5.99,INS1401,5.99,2018-02-15,2,282442,2
INS1402|43146,INS1402|282448|6.79,INS1402,6.79,2018-02-15,1,282448,1
INS1403|43115,INS1403|276456|5.99,INS1403,5.99,2018-01-15,1,276456,1
INS1411|43146,INS1411|282441|4,INS1411,4,2018-02-15,7,282441,7
INS1411|43115,INS1411|276456|5.99,INS1411,5.99,2018-01-15,5,276456,5
INS1449|43160,INS1449|285687-B|2,INS1449,2,2018-03-01,2,285687-B,2
INS1472|43163,INS1472|286266-B|4,INS1472,4,2018-03-04,1,286266-B,1
INS1472|43182,INS1472|290600-A|4,INS1472,4,2018-03-23,3,290600-A,3
INS1482|43115,INS1482|276456|5.99,INS1482,5.99,2018-01-15,2,276456,2
INS1489|43163,INS1489|286266-B|6.79,INS1489,6.79,2018-03-04,1,286266-B,1
INS1498|43160,INS1498|285687-B|2,INS1498,2,2018-03-01,1,285687-B,1
INS1498|43163,INS1498|286266-B|2,INS1498,2,2018-03-04,1,286266-B,1
INS1511|43160,INS1511|285687-B|2,INS1511,2,2018-03-01,1,285687-B,1
INS1540|43255,INS1540|DS20180604|2,INS1540,2,2018-06-04,1,DS20180604,1
INS1551|43451,INS1551|BW20181217|1,INS1551,1,2018-12-17,1,BW20181217,1
INS1552|43451,INS1552|BW20181217|1,INS1552,1,2018-12-17,1,BW20181217,1
INS1553|43451,INS1553|BW20181217|1,INS1553,1,2018-12-17,1,BW20181217,1
INS1555|43451,INS1555|BW20181217|1,INS1555,1,2018-12-17,1,BW20181217,1
INS1571|43255,INS1571|DS20180604|2,INS1571,2,2018-06-04,2,DS20180604,2
INS1578|43115,INS1578|276456|5.99,INS1578,5.99,2018-01-15,2,276456,2
INS1580|43160,INS1580|285687-B|2,INS1580,2,2018-03-01,1,285687-B,1
INS1580|43163,INS1580|286266-B|2,INS1580,2,2018-03-04,1,286266-B,1
INS1580|43182,INS1580|290600-A|2,INS1580,2,2018-03-23,1,290600-A,1
INS1583|43182,INS1583|290600-A|2,INS1583,2,2018-03-23,1,290600-A,1
INS1584|43160,INS1584|285687-C|2,INS1584,2,2018-03-01,1,285687-C,1
INS1584|43163,INS1584|286266-B|2,INS1584,2,2018-03-04,2,286266-B,2
INS1584|43182,INS1584|290600-A|2,INS1584,2,2018-03-23,1,290600-A,1
INS1584|43182,INS1584|290600-A|2,INS1584,2,2018-03-23,4,290600-A,4
INS1584|43190,INS1584|292582|2,INS1584,2,2018-03-31,1,292582,1
INS1585|43160,INS1585|285687-C|2,INS1585,2,2018-03-01,1,285687-C,1
INS1585|43163,INS1585|286266-B|2,INS1585,2,2018-03-04,2,2